"A1","Linker","A2","Length","MIBiG Accession","BGC Product","Family","Organism_name"
"val","GREVAVPENRVPQGATQITPDMLSLIDLDQASIDRIVATVPGGAAN","leu",46,"BGC0000463","xantholysin","NRP","Pseudomonas putida"
"ser","GEVTLEVPANRIPAGCTRISPDMLPLATVEQAALDSLVQRIPGGAAN","val",47,"BGC0000463","xantholysin","NRP","Pseudomonas putida"
"val","GREVAVPENRVPQGATQITADMLSLIELDQASIDRIVATVPGGAAN","leu",46,"BGC0000463","xantholysin","NRP","Pseudomonas putida"
"leu","GRQVEVPANRIPAGCTRITPDMLPLVDLEPAAIERIVATVPGGAAN","gln",46,"BGC0000463","xantholysin","NRP","Pseudomonas putida"
"leu","GHSALPAIVAVSR","leu",13,"BGC0000463","xantholysin","NRP","Pseudomonas putida"
"thr","RHHVQVPANVIPADCTRITPAMLPLTRLPQEQIDRVVAGIPGGVAN","pro",46,"BGC0000447","tolaasin","NRP","Pseudomonas costantinii"
"pro","GGSEIQVPANGIPADCAHIRADMLSLINLDQDTLDRIVARVPGGARN","ser",47,"BGC0000447","tolaasin","NRP","Pseudomonas costantinii"
"leu","GHEVQVPANLLVPGLTHITPDLLPLARISQANIDLITAAVPGGAAN","val",46,"BGC0000447","tolaasin","NRP","Pseudomonas costantinii"
"val","GREVAVPANLITPDCNRITPDLLPLVTLDQASIDHIVAQVPGGMAN","ser",46,"BGC0000447","tolaasin","NRP","Pseudomonas costantinii"
"leu","GREVTVEPNRIQPDCQRITPDLLPLITLDQSSIDRIVDSVPGGVGN","val",46,"BGC0000447","tolaasin","NRP","Pseudomonas costantinii"
"val","GREVSVPANLIPADCVHITPDLLPLVTLDQASIDHIAAQVPGGAAN","val",46,"BGC0000447","tolaasin","NRP","Pseudomonas costantinii"
"leu","AGNEVAVPVNRIGAGCTHITPDLLPLATLDQASIDRIVASVPGGVAN","val",47,"BGC0000447","tolaasin","NRP","Pseudomonas costantinii"
"thr","ASKDVVVPANRVPEGCEHITPDMLSLAALDQTAIDRIVATVPGGARN","thr",47,"BGC0000447","tolaasin","NRP","Pseudomonas costantinii"
"thr","GHQALEVPANLIGLDCQRITPDLLPLADLDQAAIDRIVATVPGGVRN","leu",47,"BGC0000447","tolaasin","NRP","Pseudomonas costantinii"
"asp","GPVAGAEQTEGTAPLPRADRS","thr",21,"BGC0000984","delftibactin","NRP / Polyketide","Delftia acidovorans SPH-1"
"thr","AQQGDQGEQVAGEIDVPPNGIPEGCTAITPDMLTLVALDEEEIARIAQAVPGGAAN","gly",56,"BGC0000984","delftibactin","NRP / Polyketide","Delftia acidovorans SPH-1"
"pro","ESTENCQYDNDVPPFLLLPYPQHERQARLQEIASQCKVEVDV","ala",42,"BGC0001290","emericellamide A / emericellamide B","NRP","Aspergillus nidulans FGSC A4"
"ala","ATTLDEDWHLETATEAFSLLEPQMRDSVANLDIQVSSPSGYRI","gln",43,"BGC0000334","cyclosporin","NRP","Tolypocladium inflatum NRRL8044"
"ala","AVDIVDGDRRTLSIKPFSLLENQSLGANFDQALHEQCNVPDRRL","gln",44,"BGC0000334","cyclosporin","NRP","Tolypocladium inflatum NRRL8044"
"ser","GIDVDAAITGAAAAGDALKRVKEQRRALPDGGIGYTLLRYVNDDTGEMLRPHPADDIGFNFLGRFTFERPEPVPGQDPTSGWIPAPECAELVAAPAADMPAPSALELNALVTGTGDDARLAALFTYATGVLTGDEVRALSRTWCAALRGLRDLVAAGGRGLTPSDVPLVTVGQEALDDWQGRFG","gly",184,"BGC0000339","echinomycin","NRP","Streptomyces lasaliensis"
"cys","ADDLRPPLRPQPR","val",13,"BGC0000339","echinomycin","NRP","Streptomyces lasaliensis"
"ser","GRTRAAVTARPR","thr",12,"BGC0001370","lipopeptide 8D1-1 / lipopeptide 8D1-2","NRP","Streptomyces rochei"
"thr","AERAGAALTAGAR","trp",13,"BGC0001370","lipopeptide 8D1-1 / lipopeptide 8D1-2","NRP","Streptomyces rochei"
"trp","PAASGDVSAIRTLKAVKEQLRAVPGDGLGYGLLRHLNPRTRDVLAALPVPEFGFNYLGQIGQEGSDEDPWTIEGGDVAGIDGAMPLAHPVDVNAVARETADGTRLRARWTYSRTELETEGTQRLADAWFRMLRRLVEEARQPGAGGLTPSDIAHPTLGQDEIEHLKSDLPG","asp",171,"BGC0001370","lipopeptide 8D1-1 / lipopeptide 8D1-2","NRP","Streptomyces rochei"
"asp","GTVRTALTAKPR","asp",12,"BGC0001370","lipopeptide 8D1-1 / lipopeptide 8D1-2","NRP","Streptomyces rochei"
"asp","DGARAALTAKPR","hpg",12,"BGC0001370","lipopeptide 8D1-1 / lipopeptide 8D1-2","NRP","Streptomyces rochei"
"asp","GTVRTALTAKPR","gly",12,"BGC0001370","lipopeptide 8D1-1 / lipopeptide 8D1-2","NRP","Streptomyces rochei"
"gly","AAAARTPLVARER","asn",13,"BGC0001370","lipopeptide 8D1-1 / lipopeptide 8D1-2","NRP","Streptomyces rochei"
"val","GGLANDLKAVKERMRGVPHGGQSYGALRYGREDSGLGRHERSVSFNYLGQWRLDELGTPLAGWRGQAPGGSRRPTMRRRHALEVLAYVQESQLHVDFQYSDLLHRAETMATLAHSFQVELQALLTHCLSVERGGLTPSDLPLAHLDQNEIDEIEHDHPQL","cys",160,"BGC0001045","spiruchostatin","NRP / Polyketide","Pseudomonas sp. Q71576"
"pro","EENPFASIEKTEM","glu",13,"BGC0001095","fengycin","NRP / Other","Bacillus amyloliquefaciens subsp. plantarum str. FZB42"
"glu","LEESSYEAIQPAKK","tyr",14,"BGC0001095","fengycin","NRP / Other","Bacillus amyloliquefaciens subsp. plantarum str. FZB42"
"glu","LEESPYEAIQPAQT","val",14,"BGC0001095","fengycin","NRP / Other","Bacillus amyloliquefaciens subsp. plantarum str. FZB42"
"tyr","KRGEYAEITPAVAK","thr",14,"BGC0001095","fengycin","NRP / Other","Bacillus amyloliquefaciens subsp. plantarum str. FZB42"
"glu","LEESPYEAIQPAQT","orn",14,"BGC0001095","fengycin","NRP / Other","Bacillus amyloliquefaciens subsp. plantarum str. FZB42"
"pro","AATPQTVIPAADR","ala",13,"BGC0000464","xenoamicins","NRP","Xenorhabdus doucetiae"
"ala","DIDSFIVPPNRIPAHCTTLTPEMLPLISLSQAEIDAIAEATPDGVRN","val",47,"BGC0000464","xenoamicins","NRP","Xenorhabdus doucetiae"
"ile","AVTTQVTIPVADR","thr",13,"BGC0000464","xenoamicins","NRP","Xenorhabdus doucetiae"
"thr","TETFVVPPNLIPANCTAIMPAMLPLVSLSQAEIDAIVATVPGGAAN","val",46,"BGC0000464","xenoamicins","NRP","Xenorhabdus doucetiae"
"ile","NSTFVVPPNLIPEDCTSITPAMLPLVSLSQTEIDAIIATLPGGASN","val",46,"BGC0000464","xenoamicins","NRP","Xenorhabdus doucetiae"
"ala","SQNEAGAFDVPPNLIPTGCTSITPDRLPLVSLSQAEIDAIIETIPSGVSN","ala",50,"BGC0000464","xenoamicins","NRP","Xenorhabdus doucetiae"
"ala","GATTQTVIPAADR","pro",13,"BGC0000464","xenoamicins","NRP","Xenorhabdus doucetiae"
"pro","TTVTQAIIPVADRS","val",14,"BGC0000464","xenoamicins","NRP","Xenorhabdus doucetiae"
"asn","AQNASRIFEVPANLIPAGCTAITPDMLPLVSLSQTEIDTLTAAHSGGVSN","val",50,"BGC0000464","xenoamicins","NRP","Xenorhabdus doucetiae"
"val","NSSFVVPPNLIPDGCTAITPAMLPLVSLSQAKIDAITETVSGGAGN","ile",46,"BGC0000464","xenoamicins","NRP","Xenorhabdus doucetiae"
"ile","AQNAPQIFEVPANLIPAGCTAITPDMLPLVSLSQTEIDTLTAAIPGGVSN","ile",50,"BGC0000464","xenoamicins","NRP","Xenorhabdus doucetiae"
"thr","PDINLESEIIKTVKEKLRAVPKRGFGYGLLRYLEEGTGNREQGTENREKGEKPKFTNYQSPEISFNYLGQVRSESGKNKKLLRLLNSEIEQTRNPEGLRPHLIDINAIVVEGELRVDWLYSSKLHQEETITKWADEFHKNLLEIINHCKEVGVGSYTPSDFPLVKISQSSVNKLQEKYSQ","tyr",180,"BGC0000369","hassallidins","NRP / Saccharide","Anabaena sp. Syke748"
"thr","AATVETQVWHQEPFALITDADRENLENIA","gln",29,"BGC0000369","hassallidins","NRP / Saccharide","Anabaena sp. Syke748"
"gln","CKLAKSNGNILDNLATTKEHLRNLPNNGFSYGILSQKPEYAAILSPIPQGIIFNYLGQFDEQITPDAPFTPAVEDTGISRHPENQRAFQLEITGLIANGKLQMRFGFSKALHQEVTIHNLVNSYQRCLRDLLTASDYQAESWQPRDFPLVNLTQEQLNIAVEGTTD","gly",166,"BGC0000369","hassallidins","NRP / Saccharide","Anabaena sp. Syke748"
"thr","KKATGTISSSNINQTPASNLISAADKQLLPQD","thr",32,"BGC0000369","hassallidins","NRP / Saccharide","Anabaena sp. Syke748"
"tyr","AGKELSQRIKTVKEGLRRVPNKGMNYSVIQYLSGRAEADSLQLHPEIRFNYLGQFDQDLQQHALQISPYSTGVSLNENQPRTAVLDLNGMVAEGKLSLSLSYSHKQYERSTMEQFARSLKESLQEIIVHCVNQQQTSLTPSDVLLKDIKIDELEELLDQTRELGE","asn",165,"BGC0001103","mycosubtilin","NRP / Polyketide","Bacillus subtilis subsp. spizizenii ATCC 6633"
"asn","EPGKEISHYIKTAKEELRQIPHKGIGYGVLRYLSGSTTPLPAKMTPEISFNYLGQFDQDIQNQAVQLSSYSCGSDSSGNQIRPYVLNINGMIVNDRLMVTISYSTKQYAKETIDQLSAIIQNNLRTVIEHCVHKEQTELTPSDILLKGMAIDELDQLLIQLPDAGE","gln",166,"BGC0001103","mycosubtilin","NRP / Polyketide","Bacillus subtilis subsp. spizizenii ATCC 6633"
"gln","TMEETEYASIPLIEKRP","pro",17,"BGC0001103","mycosubtilin","NRP / Polyketide","Bacillus subtilis subsp. spizizenii ATCC 6633"
"ser","KADHDISQRIKTVKEHLRKIPQKGIGYGIIKYLSDHREDREFTGQPEISFNFLGQFDQDLQNGSIEVSPYSSGKIASDKHPLTYALDINGMISNGRLSLAISYCGKQYHKETMETCADLLKSSLRQVIEHCTAQDQVQLTPSDISLKEISIDELDQFVQQAQHLGE","asn",166,"BGC0001103","mycosubtilin","NRP / Polyketide","Bacillus subtilis subsp. spizizenii ATCC 6633"
"glu","TDSPYEAIKPAEK","orn",13,"BGC0000407","plipastatin","NRP","Bacillus subtilis subsp. subtilis"
"tyr","LMSLKEHAFTQIEPADQR","thr",18,"BGC0000407","plipastatin","NRP","Bacillus subtilis subsp. subtilis"
"glu","TDSPYEAIKPAEK","val",13,"BGC0000407","plipastatin","NRP","Bacillus subtilis subsp. subtilis"
"pro","EQNPYAAIEPAEK","glu",13,"BGC0000407","plipastatin","NRP","Bacillus subtilis subsp. subtilis"
"glu","TDSPYEAIKPAEK","tyr",13,"BGC0000407","plipastatin","NRP","Bacillus subtilis subsp. subtilis"
"thr","TLESVQPDAITVVDRD","thr",16,"BGC0001416","nunapeptin / nunamycin","NRP","Pseudomonas sp. In5"
"thr","ERSAAFIVPPNLIPADCAAIDPSMLPLLTLSQAEIDQIVADVPGGASN","asp",48,"BGC0001416","nunapeptin / nunamycin","NRP","Pseudomonas sp. In5"
"ser","SRSTLPEIVTVSR","dab",13,"BGC0001416","nunapeptin / nunamycin","NRP","Pseudomonas sp. In5"
"dab","TRDLFQAPANRIPADCTALTPDLLPLVELEQTHIDRIVANTPGGAAN","gly",47,"BGC0001416","nunapeptin / nunamycin","NRP","Pseudomonas sp. In5"
"thr","ASSGIAVPDNRIPTDCARITPDMLPLATLRQDEIDRIVATVPGGVAN","pro",47,"BGC0001416","nunapeptin / nunamycin","NRP","Pseudomonas sp. In5"
"pro","GSTEVVVPANGIPLDSAQITPSMLTLVTLSQQTIDQVVAKVPGGVSN","ala",47,"BGC0001416","nunapeptin / nunamycin","NRP","Pseudomonas sp. In5"
"ala","GESSEVSVPANLIPSNCEHITPAMLPLVSLTQAAIERIVATVPGGASN","ala",48,"BGC0001416","nunapeptin / nunamycin","NRP","Pseudomonas sp. In5"
"ala","QAVNVPANLIPDNCEHITPAMLPLVTLTPETIERIVASVPGGARN","ala",45,"BGC0001416","nunapeptin / nunamycin","NRP","Pseudomonas sp. In5"
"ala","GSTEIVVPANGIPTDCTHITPDMLVLTELDQDAIDRIVASVPGGARN","val",47,"BGC0001416","nunapeptin / nunamycin","NRP","Pseudomonas sp. In5"
"val","GSEVRVPANLIPVQCEHITPSMLPLIELDQAAIDHIVSSVPGGVGN","ala",46,"BGC0001416","nunapeptin / nunamycin","NRP","Pseudomonas sp. In5"
"ala","GSEVHVPANLIPANGDYISPAMLSLATLTQESIDSIVATVPGGARN","thr",46,"BGC0001416","nunapeptin / nunamycin","NRP","Pseudomonas sp. In5"
"thr","GGYTEVIVPLNLIATDCQRITPDMLPLARLEQSVIDHIVSMVPGGVSN","ser",48,"BGC0001416","nunapeptin / nunamycin","NRP","Pseudomonas sp. In5"
"val","GGNEIQVPANGITPDCERITPAMLPLAALDQDAIDRIVATVLGGTAN","ile",47,"BGC0001416","nunapeptin / nunamycin","NRP","Pseudomonas sp. In5"
"ile","GHAEVEVPANAIVEGCERITPAMLPLATLSQSAIDRIVESVPGGVAN","ser",47,"BGC0001416","nunapeptin / nunamycin","NRP","Pseudomonas sp. In5"
"ser","GSSEIVVPVNGIPDGCERITPDMLPLAQLDQSTIDQIVARVPGGACN","ala",47,"BGC0001416","nunapeptin / nunamycin","NRP","Pseudomonas sp. In5"
"val","GKEVSVPENLIPLDCAHITPDLLPLANLTQDTIDRIVATVPGGSRN","ala",46,"BGC0001416","nunapeptin / nunamycin","NRP","Pseudomonas sp. In5"
"ala","GSTEVVVPANNIRLGCTHITPDMLTLVKLDQDAIDRIVASVSGGARN","val",47,"BGC0001416","nunapeptin / nunamycin","NRP","Pseudomonas sp. In5"
"val","GKEITVPANLIPLNCEHITPDLLPLATLTQETIDRIVATVPGGSRN","thr",46,"BGC0001416","nunapeptin / nunamycin","NRP","Pseudomonas sp. In5"
"thr","GTVEIVVPANAIPDGCTRITPDMLPLATLTQDEIDRVVAATPGGVAN","thr",47,"BGC0001416","nunapeptin / nunamycin","NRP","Pseudomonas sp. In5"
"thr","QTEVLVPANQIAIDCQRITPDMLPLADLDQQAIDRIVATVPGGVAN","ala",46,"BGC0001416","nunapeptin / nunamycin","NRP","Pseudomonas sp. In5"
"ala","SRSTLPEIVTVSR","dab",13,"BGC0001416","nunapeptin / nunamycin","NRP","Pseudomonas sp. In5"
"dab","AHSTQPDIVPVSR","ser",13,"BGC0001416","nunapeptin / nunamycin","NRP","Pseudomonas sp. In5"
"ser","GGMEIVVPVNGITPDCQRITPDMLPLTTLSQEEIEQVVARIPGGVAN","ile",47,"BGC0001416","nunapeptin / nunamycin","NRP","Pseudomonas sp. In5"
"hpg","EGAADAARAPLVPLPR","phe",16,"BGC0001230","salinamides","NRP / Polyketide","Streptomyces sp. CNB091"
"phe","RSGRAPLVPMDR","thr",12,"BGC0001230","salinamides","NRP / Polyketide","Streptomyces sp. CNB091"
"gly","QAARPAVRPAER","thr",12,"BGC0000401","paenibactin","NRP","Paenibacillus elgii B69"
"val","ATLPVAGPAAIPHAPGL","ser",17,"BGC0001050","thalassospiramide","NRP / Polyketide","Tistrella bauzanensis"
"hpg","GIAPADRPFDGPLVELTAEDETELAAAVPD","bht",30,"BGC0000418","ristocetin","NRP","Amycolatopsis lurida"
"hpg","AGDLLKTAKEQIRAVPGDGLGYGLLRYLNPDTGARLAELPSAQIGFNYLGRTSLSAKDPAWQPAGEGPLGGGPDMILAHPVEVGAEVQDTPDGPRLGLAIDGRDVDPATVERLGEAWLATLNALAADSAAGGHTPSDFALVELAQQDVTELEAATP","hpg",156,"BGC0000418","ristocetin","NRP","Amycolatopsis lurida"
"hpg","EADTPGRLLKQVKENVRAVPDGGLGYGMLRYLDPETGKALAALPSPEIGFNYLGRFSARPEGEAEPWQLAGTIGGTAEDDLPLRHAVEIDAVVLDGEFSLTLTWAERLLTEADAEALGQAWLDMLTGLARHTEGGAGGHTPSDFPLISLTQQEVTDVEALVP","bht",162,"BGC0000418","ristocetin","NRP","Amycolatopsis lurida"
"ser","KADQDIPQRIKTVKENLRQIPQKGIGYGLIKYLSDHPKAHEWTGHPEIRFNYLGQFDQDVRNGKMEVSPYSSGKTASDNRPLTYTLDINGMISDGRLSLAISYCGKQYQRETMEACADLLKSSLQQVIAHCDAQDQIHLTPSDISLKGITIGELDQFVQQTSHLGD","thr",166,"BGC0001090","bacillomycin","NRP","Bacillus amyloliquefaciens subsp. plantarum str. FZB42"
"tyr","AGKNLSQRIKIVKEGLRRIPDKGMNYSIIKYISGHSEADSLQLNPEISFNYLGQFDQDLKHQALRISPFSTGLSMNENQERTAVLDLNGMIAEGTLSLTLSYSSKQYERSTMAQFARGLKESLQEVIAHCVSRQQTSLTPSDILLKDISIDELEQLLEQTRELGE","asn",165,"BGC0001090","bacillomycin","NRP","Bacillus amyloliquefaciens subsp. plantarum str. FZB42"
"asn","QPGKEISDYIKTTKEGLRQIPHKGIGYGIARYLSGGMPSKLNPEISFNYLGQFDQDLQQHGVQLSSYSCGSDSSGNQERPYVLNINGMITEGRLKLTISYSSKQYAKETIMRLSETIQSRLRTIITHCVHKEQSELTPSDILLKGISIDELDQLLIQLPHAGE","pro",163,"BGC0001090","bacillomycin","NRP","Bacillus amyloliquefaciens subsp. plantarum str. FZB42"
"pro","GMKHTAYTSIPTVEA","glu",15,"BGC0001090","bacillomycin","NRP","Bacillus amyloliquefaciens subsp. plantarum str. FZB42"
"thr","RQKEGVKQEYTPININA","leu",17,"BGC0000377","koranimine","NRP","Bacillus sp. NK2003"
"asn","IEPGQDLSYWIKSVKESLRKIPQKGMGYGILKYLSHHKRDAELTGYPEISFNYLGQFDQDFQNRRFELSPYSSGKIASENHPVPYVLDINGMISNGQLSLAISYSRKQYRKETIEKLAGLLKTGLSQVIKHCISQEKVQLTPSDISLKEVTIEELDQFVKLTRHLGE","ser",167,"BGC0000402","paenilarvins","NRP","Paenibacillus larvae subsp. larvae DSM 25430"
"tyr","EKGKELAQHIKTVKEGLRRIPHKGMNYGIIRYLSGHRDAVCLNATPEISFNYLGQFDQVLQHSALQVSSYSTGLSMNKNQARQSVFDFNGMIAGGRLSLTLSYSGRQYRRETMEQFTGILRASLQEVTGHCASQEHVSLTPSDILLKDITIEELEQLLEQTREWGE","asn",166,"BGC0000402","paenilarvins","NRP","Paenibacillus larvae subsp. larvae DSM 25430"
"asn","EPGQELSHYIKTVKERLHQIPNKGIGYGILRYLGRSKEVFKSHIRPEISFNYLGQFDQDLQQNGLGLSPYSCGGDSSGNQARPYVLNLNGMITNGKLVLTINYSHKQYARETIERLSGFIQTALQALVEHCINKGQTELTPSDILLKGITINELDQLLGQLPFPGE","gln",166,"BGC0000402","paenilarvins","NRP","Paenibacillus larvae subsp. larvae DSM 25430"
"gln","GMEQMDYASIPVIEK","pro",15,"BGC0000402","paenilarvins","NRP","Paenibacillus larvae subsp. larvae DSM 25430"
"val","AEPGRPQLMGMNRP","phe",14,"BGC0000384","lyngbyatoxin","NRP","Lyngbya majuscula"
"bht","ADTDLADVLAGGPAAGRLLKLVKEQSRAVPGDGLGYGMLRYLNDVTGPVLAALPSPEIGFNYLGRFATAEKGDVRAWQPVGDLGSAQEPGMGLPHALEVNAIVQDSPDGPELTLLLEWQEDLLDEAEVERLAQDWLDMLAGLARQADDPAAGGHTASDFELVTLDQAEIEALEAEYADAGGV","asn",182,"BGC0000455","vancomycin","NRP","Amycolatopsis orientalis HCCB10007"
"hpg","DVDLAAAGSLLKTAKDQIRAVPGDGSGYGLLRHLNPGTAATLAALPSARIGFNYLGRTVLAPEDTAWEPDGEGPLGGGPDMVLAHAVEVSAEVQDTPSGPRLGLAIDARDAGSGLVQRLGEAWAETLSALAALAGDPGAGGHTPSDFALVGLTRRDVTELETAAP","hpg",165,"BGC0000455","vancomycin","NRP","Amycolatopsis orientalis HCCB10007"
"hpg","TGADPADVVAGGDAAGRLLKQVKENVRAVPDGGLGYGMLRHLNPETAPVLAALPKAEIGFNYLGRFSARADGGGEPWRITGIVGDAADDATPLRHVLEIDAVVADGADGPEFSLTVTWARRLLGDAEAESFADAWLAALTGLAAHVDGGGGGHTPSDFPLTALTQREVARIEAAVPD","bht",177,"BGC0000455","vancomycin","NRP","Amycolatopsis orientalis HCCB10007"
"hpg","GVGPGAAAAGELLKAVKEQARAVPGDGLGYGLLRYLNPETGARLAELPSAQIGFNYLGRSGVASEDTAWQVCEGALGGQAAGPDLVQSHALEVGADVQDTPAGPRLRLAIDGRDLDPAAVERLGEAWLDTLAGLAALADTPGAGGHTPSDFELVEVRQRDVDELEAVAP","hpg",169,"BGC0000289","A40926","NRP / Saccharide","Nonomuraea sp. ATCC 39727"
"hpg","TGIDPAEVIAGGGAAGHLLKQVKENVRAVPDGGLGYGILRYLNAGTGQALAAAPKPEIGFNYLGRFPSRSAGAPEPWQLLGTIGGTAEQDTALRHAVEIDAAVLDGAAGPELSLTVTWAGRLLGEAEAESLAQAWLAMLTGLAAHVGGGGAGGHTPSDFPLISLTQQDVAEVEAAVPT","tyr",178,"BGC0000289","A40926","NRP / Saccharide","Nonomuraea sp. ATCC 39727"
"hpg","GAVPAGRPADGPLITLTAEEEAELATAVPG","tyr",30,"BGC0000289","A40926","NRP / Saccharide","Nonomuraea sp. ATCC 39727"
"asn","EEPVEPPRTEPFALVREEDRPLIPAE","his",26,"BGC0001048","tallysomycin","NRP / Polyketide / Saccharide","Streptoalloteichus hindustanus"
"ser","AEPRPDTVDVSEVVPPFALCPAAAGREGV","asn",29,"BGC0001048","tallysomycin","NRP / Polyketide / Saccharide","Streptoalloteichus hindustanus"
"asn","RAAGHTARIAPAGRD","gly",15,"BGC0001196","desotamide","NRP","Streptomyces scopuliridis"
"tyr","AGKNLSQRIKIVKEGLRRIPDKGMNYSIIKYISGHSEADSLQLNPEISFNYLGQFDQDLKHQALRISPFSTGLSMNENQERTAVLDLNGMIAEGTLSLTLSYSSKQYERSTMAQFARGLKESLQEVIAHCVSRQQTSLTPSDILLKDISIDELEQLLEQTRELGE","asn",165,"BGC0001098","iturin","NRP / Polyketide","Bacillus subtilis"
"asn","QPGKEISDYIKTTKEGLRQIPHKGIGYGIARYLSGGMPSKLNPEISFNYLGQFDQDLQQHGVQLSSYSCGSDSSENQERPYVLNINGMITEGRLKLTISYSSKQYAKETIMRLSETIQSRLRTIITHCVHKEQSELTPSDILLKGMSIGELDQLLIQLPHAGE","gln",163,"BGC0001098","iturin","NRP / Polyketide","Bacillus subtilis"
"gln","ELTGYAAIPAIEKRP","pro",15,"BGC0001098","iturin","NRP / Polyketide","Bacillus subtilis"
"asn","QADRDISQRIRTVKEQLRQIPQKGIGYGLMKYLSDHPKASEWTGHPEISFNYLGQFDQDFENGGIEVSPYSGGKIASDRHPIAYTLDINGMISDGRLSLAISYSGKQYRRETMETCAALLKNSLKEVIEHCAAQEHIHLTPSDISLKDITIEELDQFVKQTQHIGD","ser",166,"BGC0001098","iturin","NRP / Polyketide","Bacillus subtilis"
"ile","KELQTGSGLKLPAIVPLNR","phe",19,"BGC0000331","cyanopeptin","NRP","Planktothrix agardhii NIVA-CYA 116"
"ser","TPGDRRPALTRADR","orn",14,"BGC0001351","cahuitamycins","NRP","Streptomyces gandocaensis"
"asp","GATSTSIPSALEAVRAQLRAVPANGLGYGLLRYLSGQGQELAQGAQPQITFNYLGHFDHRIEPAGWTLADEYAGAQRAADSRRRCLFEAIARVQQGRLQWQWTYCKDLHAAAEMRALQERLRTELMRWIEALEARAGSD","ser",139,"BGC0000424","serobactins","NRP","Herbaspirillum seropedicae SmR1"
"asp","AAPDPDALERLAQSRLESAAPAQADSMNALTAGFPARHTRIPYRSMNDMSRPP","thr",53,"BGC0000424","serobactins","NRP","Herbaspirillum seropedicae SmR1"
"thr","SGTPLATLLRTKESLRALPNKGLDFGVLRRFGTAEQRAALQALPRAQVAFNYLGQFQSGEEGGWRLASESAGTPMDPQAAMRHALTINGQVHEGVLQLRLNYCSKRYGRAMVETLAAHLQAQLEELAALCSQHAGGLTPSDLPLAGLDQAQLDALPLAARNV","ser",162,"BGC0000424","serobactins","NRP","Herbaspirillum seropedicae SmR1"
"ser","QLQPPAPTQAVTAARGRLEDYLSAAQTAQLALQGE","orn",35,"BGC0000424","serobactins","NRP","Herbaspirillum seropedicae SmR1"
"phe","TDRDLAYQIKQVKESLRRIPNKGLGYGVCRYLSKSEDGFVWGAEPEINFNYLGQFDDDVNQDEIGISSYSSGSPASDRQARSFVLDINGMVLDGALSLDLSYSRKQYRKETMEAFAQRLEQSLRELITHCAGKENTELTPSDVQFKGLTIAELEQIAQRSGHLGE","ile",165,"BGC0001153","polymyxin","NRP","Paenibacillus polymyxa"
"ile","IGEQSFSSIPLAGAR","orn",15,"BGC0001153","polymyxin","NRP","Paenibacillus polymyxa"
"orn","LDEQTFVAIPVADG","orn",14,"BGC0001153","polymyxin","NRP","Paenibacillus polymyxa"
"orn","GLRQQETYEITKAAE","thr",15,"BGC0001153","polymyxin","NRP","Paenibacillus polymyxa"
"thr","LEETRHSSIPKAEEK","orn",15,"BGC0001153","polymyxin","NRP","Paenibacillus polymyxa"
"orn","GHAQALGHQVKQVKESLRRIPNKGIGYGILRYLSAPRDGERFALEPEISFNYLGQFDQDYESSGSRPSPFSPGSDSSPDAVMDYVLDINGMVSEGVQELTIRYGETQYKRETVERLGTLLHSSLREVISHCVSKERPELTPSDVLLQDVTLEELERLAEHTAALGE","orn",166,"BGC0001153","polymyxin","NRP","Paenibacillus polymyxa"
"orn","ATYSATRRLRKWPPAMERLEIGSFTAIPVAEPG","orn",33,"BGC0001153","polymyxin","NRP","Paenibacillus polymyxa"
"thr","LDPDRAAVPELTAVVPR","gly",17,"BGC0000439","taromycin","NRP","Saccharomonospora sp. CNQ490"
"ala","GPVEWGDAQARHDLLGRVLRTTADVLAAVPDNGIGYGLLRYLHPRAVRKLRRFAEPDLCLNYLGRIRSTVDGAGASTDWAPVTGPAAIGAGQHPGLPLAHAIELNAVTQDDVAGPTLAVTWTWASEIVDEARVRRLADLWFDTLTELAALAGEPGAEPSPASLGRAGLSETDLSELASTIDGD","asp",183,"BGC0000439","taromycin","NRP","Saccharomonospora sp. CNQ490"
"asp","SSDTESTGVVAAAPR","gly",15,"BGC0000439","taromycin","NRP","Saccharomonospora sp. CNQ490"
"gly","ADAAGRPRLRAVECP","ala",15,"BGC0000439","taromycin","NRP","Saccharomonospora sp. CNQ490"
"arg","HRVIEVPPNVITPATQQLTPAMLPLVDLTQADIDHIIEQVPGGVEN","arg",46,"BGC0001135","bicornutin","NRP","Xenorhabdus budapestensis"
"arg","HQTIEIPPNVITPATQQLTPAMLPLVDLTQADIDHIVRQVPGGVEN","arg",46,"BGC0001135","bicornutin","NRP","Xenorhabdus budapestensis"
"thr","RHQVQVPVNAIARDCQRITPDMLPLVRLPQAQIDTLVAGIPGGVAN","pro",46,"BGC0000425","sessilin","NRP","Pseudomonas sp. CMR12a"
"pro","GGSEIQVPANRIPADCTQLRADMLTLIELSQDELERIVARVPGGARN","ser",47,"BGC0000425","sessilin","NRP","Pseudomonas sp. CMR12a"
"ser","SARSHVMVPPNRIGADCQRITPDLVPLVALDQPTLDRIVEQVPGGVAN","leu",48,"BGC0000425","sessilin","NRP","Pseudomonas sp. CMR12a"
"leu","NADEVQVPANLISADCTRITPAHLPLANLDQASINRIVATVPGGVAN","val",47,"BGC0000425","sessilin","NRP","Pseudomonas sp. CMR12a"
"leu","SREVTVEPNRIQPGCTRITPDLLTLVSLDQASLDRIVDSVPGGASN","val",46,"BGC0000425","sessilin","NRP","Pseudomonas sp. CMR12a"
"val","GREVAVPANLITPDCERITPALLPLAQLSQAGIDRIVASVPGGVAN","val",46,"BGC0000425","sessilin","NRP","Pseudomonas sp. CMR12a"
"leu","AGHEVAVPRNRIEPDCTQITPDLLPLATLDQASIERIVASVPGGVAN","val",47,"BGC0000425","sessilin","NRP","Pseudomonas sp. CMR12a"
"thr","ASKDVEVPANRVPEGCDHITPDMLPLADLDQDAIERIVATVPGGARN","thr",47,"BGC0000425","sessilin","NRP","Pseudomonas sp. CMR12a"
"thr","GHAQLQVPANLIGPGCEQITPDLLPLAELDQSSIDRIVASVPGGVRN","ile",47,"BGC0000425","sessilin","NRP","Pseudomonas sp. CMR12a"
"ile","SLLGSGQQRPELLAAPR","val",17,"BGC0001344","tubulysin","NRP / Polyketide","Cystobacter sp. SBCb004"
"ser","YEIDTLGTEKTEVFSLISQEVRLNLPEE","ala",28,"BGC0001017","microcystin","NRP / Polyketide","Microcystis aeruginosa PCC 7806"
"ile","LQQQDLELSEAPILPKVR","ser",18,"BGC0001028","nostopeptolide","NRP","Nostoc sp. GSV224"
"ser","LQQQDLQLSAPPILPRAE","pro",18,"BGC0001028","nostopeptolide","NRP","Nostoc sp. GSV224"
"pro","QQQDLELIASPILPRAE","leu",17,"BGC0001028","nostopeptolide","NRP","Nostoc sp. GSV224"
"leu","LQQQDLELSTPFITQRAEN","gly",19,"BGC0001028","nostopeptolide","NRP","Nostoc sp. GSV224"
"gly","FQQQDLELVSPPILPRAE","asn",18,"BGC0001028","nostopeptolide","NRP","Nostoc sp. GSV224"
"tyr","LQQQDLELVSPPILPRVK","pro",18,"BGC0001028","nostopeptolide","NRP","Nostoc sp. GSV224"
"ser","VTLDDAPDSGARGTA","ser",15,"BGC0000458","viomycin","NRP","Streptomyces vinaceus"
"ala","LGKSRPPIPVTPRIPNPDGTVV","ala",22,"BGC0000394","naphthyridinomycin","NRP","Streptomyces lusitanus"
"ala","DGTEQGRTPPITPLDRVPEPDGTL","ala",24,"BGC0000394","naphthyridinomycin","NRP","Streptomyces lusitanus"
"asp","TKRIYRTIDPCEEN","gly",14,"BGC0001005","locillomycin","NRP / Polyketide","Bacillus subtilis"
"ser","KLKDESRVQLSNVVPVER","ser",18,"BGC0001413","cystobactamide","NRP","Cystobacter sp. Cbv34"
"phe","GELSWAQVSAGEAALGPVIKTAKEQLRALPDGLTYGLLRYLNPGVDLTGPEPTIGFNYLGRLGAGAGDLSEDFWRISADSLRLTDVAAAISMPLAHSVELNAGTMDTAAGPELRANWSWAPSALDGAQADRLSRLWFEALAGICAHVRSGGGGLTPSDLAPARLNQPQIDALVQQYDI","thr",178,"BGC0000364","glycopeptidolipid","NRP","Mycobacterium abscessus"
"ala","GGLSWKEIADGSPDLGPIIKSAKEQLRALPDPLTYGLLRYLNPDVDLSGPEPAIGFNYLGRLGAGAADLTDDLWRINEDSLSSAGVASSVSMPLMYTVDLNAGIVEGGLGEEAGPHLRAGWTWAPSSVTEPQVQRLSQLWFEALAGICAYVRGGGGGLTPSDIAPAQLSQQQIDELHEQHKI","ala",182,"BGC0000364","glycopeptidolipid","NRP","Mycobacterium abscessus"
"hpg","RPVPAEGPVARPLVALTAEDETELAIAVPG","tyr",30,"BGC0001178","UK-68,597","NRP","Actinoplanes sp. ATCC 53533"
"hpg","GVDLAAAAAGNEAAGELLKAVKEQVRAVPGDGLGYGLLRHLNPGTGARLAALPSPQIGFNYLGRSGVASEITPWQVREGSLGAGESGPDLVLAHALEAGADIQDTPAGPRLRLTLAGRDLDPAVVELLGEAWLELLTGLATHAGTPDAGGHTSSDFDLVEVAQRDVAELEAAAP","hpg",174,"BGC0001178","UK-68,597","NRP","Actinoplanes sp. ATCC 53533"
"hpg","TGIDMAAALAGGDAAGRLLKSIKESVRAVPDGGLGYGMLRHLNAETRPVLAARPAVEFGFNYLGRFSSRSGGDVEPWQPAGTIGGAAEPDVPLRHVVEIDAAVLDSVDGPRLDLTLTWAGRIVSEAEAESLGKAWLDMLTGLAAHAHDVRAGGHTPSDFPLTALAQRDVAEIEAVVPG","bht",178,"BGC0001178","UK-68,597","NRP","Actinoplanes sp. ATCC 53533"
"val","HHDDVIATIANTKEMLRHIPDKGVGYGAFVQADKVSAIRPQVSFNYLGQLNQQQQQSRDWQLDDTQAGYVMTEANAQADNAPLLNINGAVRGDKLHFDVVSRLNQSQSLAFVEHFEMALHQVINASCELAAQTPQQTPSDLGLSDLSYGHYQALSKHYNI","asn",160,"BGC0000314","bromoalterochromides","NRP / Polyketide","Pseudoalteromonas piscicida JCM 20779"
"val","LPLAKAMESIPKTEVD","ala",16,"BGC0000337","destruxins","NRP","Metarhizium anisopliae ARSEF 23"
"cys","GEDLLDSLKSIKDQQRAIPNKGVGYGALFGYSLGQLPHICFNYLGQVGQASSEHGDWQIVDEPGGVALHPDNLLPYSINLAGMVAGGHLRFILTCRTEPERARRLAHAFEASLAELIQRTASCSRRYLTVSDLDLRVSPALLERLQAERD","gly",150,"BGC0000955","althiomycin","NRP / Polyketide","Myxococcus xanthus"
"thr","RIPTVYESIPQAEK","val",14,"BGC0000358","fusaricidin","NRP","Paenibacillus polymyxa SC2"
"thr","QDGQEVSIRIKRIKENLREVPHKGIGYGLLKYMAPEKDTRFSVEPEVSFNYLGQFDQDLEGNALSLSTHSVGKALSDYTPQQYALDVNGMVAEGQLSLTITYSNRQYRKETVSHFAELLQSSLSEVIRHCVAQERVQLTPSDVLFQGLTLEQLDRLTAQTAHIGE","asn",165,"BGC0000358","fusaricidin","NRP","Paenibacillus polymyxa SC2"
"asn","GEMEIGARIKRIKEDLRRIPNKGVGYGILKYLSDVSDGSSFSAEPEITFNYLGQFDQDLAEGTMEVSPYSAGSEVSEQMVQHQALNINGMITEGQLQLSVSYNHQQFHADSVENFVGILEERLSEVIGHCVRKERTELTPSDVLLKDISLEEIEELEEQTRHIGS","ala",165,"BGC0000358","fusaricidin","NRP","Paenibacillus polymyxa SC2"
"pro","SPIYVPEVSPGDILDVVRRVKDYRRATPNNGFDYFSTKYLTPSGHQLFENHLPAEILFNYEGRYQAMEREQTILKPESWHAGEALKDQGIDLKRFCLFEISTAILPDGQLHLTCSWNKNMRHQGRIRLWIDTLLPAAISETVSNLMLASPQLTLSDVELLRLHDYPSLDGLAQSILSIPEVRTLDDL","ala",187,"BGC0001166","HC-toxin","NRP","Alternaria jesenskae"
"ala","QSVSSSSSTSVTEVPMSSPQRSSSGLETATPASKKSPIHMYQNENIIDRPISFGYEEGPTDAQLKEASRICGIPPGS","ala",77,"BGC0001166","HC-toxin","NRP","Alternaria jesenskae"
"ala","QMSFGQKASVSPRTSLTTKFDLLDDCKVDEVIDHILPQLDMNKEL","aeo",45,"BGC0001166","HC-toxin","NRP","Alternaria jesenskae"
"ser","GGRARAAVTARPR","thr",13,"BGC0000315","calcium-dependent antibiotic","NRP","Streptomyces coelicolor A3(2)"
"thr","AERSGTGPTAGER","trp",13,"BGC0000315","calcium-dependent antibiotic","NRP","Streptomyces coelicolor A3(2)"
"trp","PAGASGDGSALRALKAVKEQLRTVPGDGLGYGLLRHLNPRTRAALAALPLPEFGFNYLGRIGQEGTDEAPWTIEGGDVAGIDGAMPLAHPVDVNAVARETADGTRLRARWTYSRTALEPEDTQRLADTWFRLLRRLVEEARQPGAGGLTPSDIAHPALAQDEIEDLEHTVPG","asp",172,"BGC0000315","calcium-dependent antibiotic","NRP","Streptomyces coelicolor A3(2)"
"asp","GTVRTALTARPR","asp",12,"BGC0000315","calcium-dependent antibiotic","NRP","Streptomyces coelicolor A3(2)"
"asp","RAGRARAALTARPR","hpg",14,"BGC0000315","calcium-dependent antibiotic","NRP","Streptomyces coelicolor A3(2)"
"asp","SGTLRTALTARPR","gly",13,"BGC0000315","calcium-dependent antibiotic","NRP","Streptomyces coelicolor A3(2)"
"gly","AGARAPLAARPR","asn",12,"BGC0000315","calcium-dependent antibiotic","NRP","Streptomyces coelicolor A3(2)"
"trp","RLAGGKDAVVREPLRAVVER","thr",20,"BGC0000374","hormaomycin","NRP","Streptomyces griseoflavus"
"val","VLLTGENDAVRQPLRAVAER","pro",20,"BGC0000374","hormaomycin","NRP","Streptomyces griseoflavus"
"thr","VAKPQVEAAGPGIEVAG","leu",17,"BGC0001202","landepoxcin","NRP / Polyketide","uncultured bacterium AR_412"
"asn","EPAAWDEIRAGGPAVGRTVREIKECLRTLPDQGLGYGILRYLDPENGPALAQHPTPHFGFNYLGRVSVSADAASLDEGDAHADGLGGLVGGRAAADSDEEQWADWVPVSGPFAVGAGQDPVLPVAHAVEFNAITLDTPDGPRLSVTWSWPTTLLSESRIRELARFWDEALEGLVAHARRPDAGGLTPSDLPLVALDHAELEALQADVTGGV","asp",211,"BGC0000336","daptomycin","NRP","Streptomyces roseosporus NRRL 11379"
"asp","TTSLRAPLVARERTGC","thr",16,"BGC0000336","daptomycin","NRP","Streptomyces roseosporus NRRL 11379"
"thr","SGTALPPVTRIDRR","gly",14,"BGC0000336","daptomycin","NRP","Streptomyces roseosporus NRRL 11379"
"asp","SALGVRVPLVARERT","ala",15,"BGC0000336","daptomycin","NRP","Streptomyces roseosporus NRRL 11379"
"ala","ESASWDEVRAGGPVVGRVVREVKETLRSLPDQGLGYGILRYLDPEHGPALARHATPQFGFNYLGRFTTGTDDTGDEGMTDWVPVSGPFAVGAGQDPELPVAHAVEFNAITLDTPEGPRLGVTWSWPTTLLPESRIRELARYWDEALEGLVEHARHPEAGGLTPSDVTLVEVNQVELDRLQAGVAGG","asp",186,"BGC0000336","daptomycin","NRP","Streptomyces roseosporus NRRL 11379"
"asp","SGLGVRVPLVARERT","gly",15,"BGC0000336","daptomycin","NRP","Streptomyces roseosporus NRRL 11379"
"gly","SGLGVRVPLVARERT","ser",15,"BGC0000336","daptomycin","NRP","Streptomyces roseosporus NRRL 11379"
"cys","QRTVRPPLRPQPR","val",13,"BGC0000445","thiocoraline","NRP","Micromonospora sp. ML1"
"gly","LAQSACPALQRAER","thr",14,"BGC0000309","bacillibactin","NRP","Bacillus subtilis subsp. subtilis str. 168"
"cys","SYQRDAREHLLAVKNNLRRWSQRAENFGVLCGLPVVREDGISINYLGKMEAAGDWALDHHFVGLHRHASQEGTHLIDIVVLNVGDRLELRVESRLREHDAAWLTQRLIRELEDGLVSMNWPSWRWLTESDVDFALPQPHLDRLQHAQAVD","gly",150,"BGC0001415","althiomycin","NRP","Serratia marcescens subsp. marcescens Db11"
"cys","MPTVIRGGTFKETLLSVRAAIRSSSAHGADYQALRYLTGRADWSPRPLLFNFLGRLEATAGEWRLLRAGIGNDRAPSTPRSHLLDVGAAIIDGSLNVSIEYNPRAHRDDTIASLLDDIRTTLDELGSRTAVGDSSSID","thr",138,"BGC0000964","burkholdac","NRP / Polyketide","Burkholderia thailandensis E264"
"gln","EKDGFAVIEPAPE","leu",13,"BGC0000381","lichenysin","NRP","Bacillus licheniformis DSM 13 = ATCC 14580"
"leu","SEKKSAVYIEAAPD","leu",14,"BGC0000381","lichenysin","NRP","Bacillus licheniformis DSM 13 = ATCC 14580"
"val","ETKEKTAPIAPAPS","asp",14,"BGC0000381","lichenysin","NRP","Bacillus licheniformis DSM 13 = ATCC 14580"
"asp","GQAEQSGIQPAEKR","leu",14,"BGC0000381","lichenysin","NRP","Bacillus licheniformis DSM 13 = ATCC 14580"
"ile","GMGEQVYSSIPAAEA","orn",15,"BGC0000403","pelgipeptin","NRP","Paenibacillus elgii"
"orn","MEEQAYVSIPTVEE","phe",14,"BGC0000403","pelgipeptin","NRP","Paenibacillus elgii"
"orn","MEEQAYVSIPTVEE","val",14,"BGC0000403","pelgipeptin","NRP","Paenibacillus elgii"
"ser","GGGSEVVVPTNLIPEHCDRITPQMLALINLSQAQIDHVVKDMPGGVAN","ser",48,"BGC0000437","syringomycin","NRP","Pseudomonas syringae pv. syringae B728a"
"ser","KQALFRAPANRIPAHCTQLTPDMLPLVELSVAQIELIASAVPGGAAN","dab",47,"BGC0000437","syringomycin","NRP","Pseudomonas syringae pv. syringae B728a"
"dab","KHVLFQVPANRIPAHCTQLTPDMLPLVELSVAQIELITSAVAGGAAN","dab",47,"BGC0000437","syringomycin","NRP","Pseudomonas syringae pv. syringae B728a"
"dab","GRSKLPDIVPVAR","arg",13,"BGC0000437","syringomycin","NRP","Pseudomonas syringae pv. syringae B728a"
"arg","QDNARVAIKPVQRS","phe",14,"BGC0000437","syringomycin","NRP","Pseudomonas syringae pv. syringae B728a"
"phe","GLQTVDSDSIEPIER","thr",15,"BGC0000437","syringomycin","NRP","Pseudomonas syringae pv. syringae B728a"
"thr","GTAAERVAPANLIPVDCTALTPDMLPLVKLTRQELEHIVADVPGGVAN","asp",48,"BGC0000437","syringomycin","NRP","Pseudomonas syringae pv. syringae B728a"
"thr","SGKTTDVQVPASRIPADCQRITPNMLPLARLSQAQIDRVVAAVPGGVSN","pro",49,"BGC0000437","syringomycin","NRP","Pseudomonas syringae pv. syringae B728a"
"pro","GGIEIDVPANGIPDGCTHIIPDMLTLTTLDPASIERIVAGVSGGAAN","val",47,"BGC0000437","syringomycin","NRP","Pseudomonas syringae pv. syringae B728a"
"val","VARSELTAILPVKR","leu",14,"BGC0000437","syringomycin","NRP","Pseudomonas syringae pv. syringae B728a"
"leu","GASEITVPENAIPDDCTRITPEMLPLADLDQAAIDLIVASVPGGVAN","ala",47,"BGC0000437","syringomycin","NRP","Pseudomonas syringae pv. syringae B728a"
"ala","GSDEPGSDEVTVATNLITPGCQRITPDLLPLIKLTQEQIDLVVACVPGGAAN","ala",52,"BGC0000437","syringomycin","NRP","Pseudomonas syringae pv. syringae B728a"
"ala","GGKEIVVPANLIPERCEYITPDLLPLISLTQAQIDLVVAGVPDGAAN","val",47,"BGC0000437","syringomycin","NRP","Pseudomonas syringae pv. syringae B728a"
"val","GREIHVPANGITADCQRITPDMVPLANLDQVAIDRIVATVPGGIAN","thr",46,"BGC0000437","syringomycin","NRP","Pseudomonas syringae pv. syringae B728a"
"thr","GKGAVEVPANLIPANCERITPDMLPLVSLSQDDIDRVVASVPGGLAN","ala",47,"BGC0000437","syringomycin","NRP","Pseudomonas syringae pv. syringae B728a"
"val","GREINVPANLIGQGCERITPELLPLAGLTQVQIDQVVASVPGGVAN","ala",46,"BGC0000437","syringomycin","NRP","Pseudomonas syringae pv. syringae B728a"
"ala","GSTDIVVPANLITEDCQRITPDLLPLASLTQTQIDQVVATVPGGVAN","ala",47,"BGC0000437","syringomycin","NRP","Pseudomonas syringae pv. syringae B728a"
"ala","GAVDELVIPANRIPADCQKITPDMLPLINLTQVQIDQVVAGVPGGAAN","thr",48,"BGC0000437","syringomycin","NRP","Pseudomonas syringae pv. syringae B728a"
"thr","GKSAVEVPGNLIPANCERITPDMLPLVSLSQDDIDRVVASVPGGLAN","thr",47,"BGC0000437","syringomycin","NRP","Pseudomonas syringae pv. syringae B728a"
"thr","GGYTEVQVPDNLIVQGCERITPDMLPLADLDQAGIDRVVASVPGGLAN","ser",48,"BGC0000437","syringomycin","NRP","Pseudomonas syringae pv. syringae B728a"
"ser","GGTEVVVPANLITEDCQRITPELLPLADLTQAQIDQVVATVPGGVTN","ala",47,"BGC0000437","syringomycin","NRP","Pseudomonas syringae pv. syringae B728a"
"ala","GGGTEIVVPANLITEHCEHITPDLLPLADLTQAQIDQVVATVPGGVAN","thr",48,"BGC0000437","syringomycin","NRP","Pseudomonas syringae pv. syringae B728a"
"thr","GKGAVEVPANLIPAGCERITPDMLPLAALSQDDIDRVVASVPGGLAN","ala",47,"BGC0000437","syringomycin","NRP","Pseudomonas syringae pv. syringae B728a"
"ala","GRSILPDIVPVAR","dab",13,"BGC0000437","syringomycin","NRP","Pseudomonas syringae pv. syringae B728a"
"dab","AAGSSQQPIVPVSR","dab",14,"BGC0000437","syringomycin","NRP","Pseudomonas syringae pv. syringae B728a"
"dab","AKGSSQPPIVPVSR","tyr",14,"BGC0000437","syringomycin","NRP","Pseudomonas syringae pv. syringae B728a"
"leu","SQRLLAQVEDNRVPADCTHITPALLSLASLTQGEIDAIVAGIPGGAGN","asp",48,"BGC0000462","WLIP","NRP","Pseudomonas putida"
"ala","EAAPQLPPLVRLKGTG","gln",16,"BGC0001023","myxochromide","NRP / Polyketide","Stigmatella aurantiaca"
"thr","GSSDVVRRKLTPAAR","pro",15,"BGC0001414","griselimycin","NRP","Streptomyces sp. DSM 40835"
"pro","RAVRPTLTPAAR","thr",12,"BGC0001414","griselimycin","NRP","Streptomyces sp. DSM 40835"
"thr","RAVRPTLTPAAR","pro",12,"BGC0001414","griselimycin","NRP","Streptomyces sp. DSM 40835"
"val","SASDLPAIVAIDR","leu",13,"BGC0000344","entolysin","NRP","Pseudomonas entomophila L48"
"leu","NQGRALPLLEAAAR","ser",14,"BGC0000344","entolysin","NRP","Pseudomonas entomophila L48"
"ser","QVFEAEVPANRIGDDCTHITPGLLPLITLEQQAIDRIVASVPGGVAN","ile",47,"BGC0000344","entolysin","NRP","Pseudomonas entomophila L48"
"gln","GQAPVTVPANLIPPHCARISPDMLPLASLDQNAIDTLLTRIPGGVAN","val",47,"BGC0000344","entolysin","NRP","Pseudomonas entomophila L48"
"val","GREVEVPGNRVPVGATHITPDMLSLIDLDQVAIDRIVATVQGGAAN","leu",46,"BGC0000344","entolysin","NRP","Pseudomonas entomophila L48"
"leu","RQVQVPANLIPAGCTQITPDMLPLVTLEQSDIERIVATVPGGAAN","gln",45,"BGC0000344","entolysin","NRP","Pseudomonas entomophila L48"
"gln","SRQVAVPANQIPADCTHITPDMLPMVALEQAAIDRIVATVPGGAAN","val",46,"BGC0000344","entolysin","NRP","Pseudomonas entomophila L48"
"val","GREVEVPGNRVPVGANHITPDMLSLIDLDQVAIDRIVATVQGGAAN","leu",46,"BGC0000344","entolysin","NRP","Pseudomonas entomophila L48"
"ser","ELNPVTSQKTEVFSLISAAQRLSLPPD","ala",27,"BGC0001015","microcystin","NRP / Polyketide","Planktothrix agardhii NIVA-CYA 126/8"
"orn","QAKGLSYRIKKVKEDLRQIPNKGIGYGICRYMSDLPYEASWGANPEISFNYLGQFDQDLQSNGMLMSPLSSGSNTSGNQARQYALDINGMIMDGSLVFDLSYGSKEYRRETIEDLAGMLQEILREIIAHCTAKERPELTPSDVLLQGLSVEELEQIVEQTQHIGD","val",165,"BGC0000400","paenibacterin","NRP","Paenibacillus sp. OSY-SE"
"val","GMEQEEYRAIPQVGE","thr",15,"BGC0000400","paenibacterin","NRP","Paenibacillus sp. OSY-SE"
"thr","MEQRTYMSIPAIETR","orn",15,"BGC0000400","paenibacterin","NRP","Paenibacillus sp. OSY-SE"
"orn","PDKSLSHCIKKVKEDLRQIPHKGIGYGICRYLSGTMEDAAWGTAPEISFNYLGQFDQDLNSNGMEMSPYSSGTDASGKQVRQYALDINGGITDGSLSFDLSYSRKEYRRETMEDLAGRLRESLQEIIAHCAAKERTELTPSDVLLQGLSVEELELIVEQTRHVGE","ser",165,"BGC0000400","paenibacterin","NRP","Paenibacillus sp. OSY-SE"
"val","GMERQEYRQIPLLDER","orn",16,"BGC0000400","paenibacterin","NRP","Paenibacillus sp. OSY-SE"
"orn","PDKSLSSRIKKMKEDLRQIPNKGIGYGIGRYMSELHDEAVWGGAEPDISFNYLGQFDQDMKNNEMEVSPYSSGMEVSRQQARTHALDINGMVADGSLALELSYSRKEYRKETIEALSIYLQESLQEIILHCTAKERPEVTPSDILLQGLSVEELEQIAKQTQRIGD","ser",166,"BGC0000400","paenibacterin","NRP","Paenibacillus sp. OSY-SE"
"ser","EPDKTLSYRIKQVKENLRRIPNKGIGYGICRYLSSAQEPAWTEAFTPELRFNYLGQFDQDLQGNELELSSYSSGSDMSDEQVRNYSLDISGMIVDGLLSLDVSYSGKEYRKETIEELAGCLLVSLQEIIDHCAAKERPELTPSDVLLQGLSVEELDQIAEQTRRNGE","ile",167,"BGC0000400","paenibacterin","NRP","Paenibacillus sp. OSY-SE"
"ile","GLGQQMYTSIPLVEE","pro",15,"BGC0000400","paenibacterin","NRP","Paenibacillus sp. OSY-SE"
"val","MERQAYRQIPLLDER","orn",15,"BGC0000400","paenibacterin","NRP","Paenibacillus sp. OSY-SE"
"orn","GMKKQEYAVIPLAEER","ile",16,"BGC0000400","paenibacterin","NRP","Paenibacillus sp. OSY-SE"
"gln","EVRDNFGTVLKSVKEQLRAIPHKGIGYGLLRYLNSNAEISAQLDTIPTSEISFNYLGQFSQVLNTSSLMQLAGESIGQSQSLQGLRSCLLDVNAIITNERLQIDWEYSSNIHHPSTIENIAQEFIETLREIIAHCLSPENVGYTPTDFPLAKLNQLELDGMLKKLPFKSELGKTNWQN","gly",178,"BGC0001029","nostophycin","NRP","Nostoc sp. 152"
"pro","LQQQDLELSAPPILPRVD","phe",18,"BGC0001029","nostophycin","NRP","Nostoc sp. 152"
"phe","LQQNHSEISAPPINPRTT","ile",18,"BGC0001029","nostophycin","NRP","Nostoc sp. 152"
"ile","ELTDDLGSVLKSVKEQLRGIPNKGIGYGLLRYLNGDAEVLAQLDRIGASEVSFNYLGQFAQVLNTSSLMQLAGESSGQSQSLQGRRSCLLDVNAIITDERLYVDWAYSSYVHQRSTIESVAEDFIETLRDIIAHCLSPHNSGYTPTDFPLIQLSQLELDGVMAGLRLKPEIGKTNWQN","pro",178,"BGC0001029","nostophycin","NRP","Nostoc sp. 152"
"ser","ELGFLPTPKTEAFSLISDEQRLNLPED","ala",27,"BGC0001016","microcystin","NRP / Polyketide","Anabaena sp. 90"
"ile","VLLGHRQLRPPPLVPAVRP","val",19,"BGC0001053","tubulysin","NRP / Polyketide","Angiococcus disciformis"
"val","SGELSGDLKRVKERMRSVPDGGLAYHALRYGGRGSALGGHARTVCFNYLGQWRLEEGGEPRSTWLGEPPGGTRGAGMTRRYGLDVVAQVHEGRLRVDWLYSAARQREDAIKALAEGFRAELDAVLAHCQSPESGGLTPSDLPLAHLDQSEIDAIEREHPRL","cys",161,"BGC0000993","FK228","NRP / Polyketide","Chromobacterium violaceum"
"leu","GQVVEVPANRVPPDCQRITPAMLPLVELDQDSIDRVVACIPGGAAN","asp",46,"BGC0000399","orfamide","NRP","Pseudomonas protegens Pf-5"
"thr","GQREVQVPANRIAADCRHITPDLLPLADLDQAAIDRLLARVPGGAAN","ile",47,"BGC0000399","orfamide","NRP","Pseudomonas protegens Pf-5"
"ile","GREVQVPANLISADCPRITPDLLPLVELDQEAIDRVLASVPGGVAN","leu",46,"BGC0000399","orfamide","NRP","Pseudomonas protegens Pf-5"
"leu","GREVAVPANRITADCPRITPDLLPLVELEQEAIDRVVASVPGGVAN","ser",46,"BGC0000399","orfamide","NRP","Pseudomonas protegens Pf-5"
"leu","GRSHLPEIFPAVQ","leu",13,"BGC0000399","orfamide","NRP","Pseudomonas protegens Pf-5"
"leu","ERSSLPDLLPAPR","ser",13,"BGC0000399","orfamide","NRP","Pseudomonas protegens Pf-5"
"ser","GREVQVPANLIYRDCPRITPDLLPLLALDQAAIDRVVATVPGGTAN","ile",46,"BGC0000399","orfamide","NRP","Pseudomonas protegens Pf-5"
"aad","QQEKCDKPHEAPTELLEENAAT","cys",22,"BGC0000404","penicillin","NRP","Penicillium chrysogenum"
"cys","AADVHEITPIDCND","val",14,"BGC0000404","penicillin","NRP","Penicillium chrysogenum"
"hpg","SGLDLAAAAAGNAAAGELLKAVKEQVRAVPGDGFGYGLLRHLNPDTGARLAELPSPRIGFNYLGRSAAASPDTPWQVVEGPLGAGADAPDLVLAHALEVGARVQDTPGGPQVRLTVDGRDLDPDTVERLGEAWLEMLTGLAAHAADPGAGGHTPSDFDLVDMSQRDVAELEAAAP","hpg",175,"BGC0000290","A47934","NRP","Streptomyces toyocaensis"
"hpg","TGIDTDEVIAGGEAAGRLLKAVKENVRTVPDGGLGYGVLRHLNAETAPVLAALPKAEIGFNYLGRFSSRPEGDPEPWQMTGTIGGAAEEHAPLRHAVEVDAVVLDSPDGPELRLTLTWAGRILGEAEAESLGRAWLDLLSGLAAHAALGAGGHTPCDFSLTALTQQDVEEIEAAVP","bht",176,"BGC0000290","A47934","NRP","Streptomyces toyocaensis"
"hpg","AAADTPGTPDGRPLIALTAEEEAELAIAVPG","tyr",31,"BGC0000290","A47934","NRP","Streptomyces toyocaensis"
"pro","IYVCDISAGDVVDTVRRVKDFRKGTADNGFQYFSTKYLHQEGRRLFKDHIPAEIMFNYEGRYQSLEKDDSLLMTEDWTAGEALSDSSPDLQRFCLFELSAAVLADGELHFTMAWNSRARYQERISLWLTRLLPAVIDEIVTYLMLEKRQFTLSDLDLAGLSDYSDLDDLVSSLQTIPGVDGIEA","ala",184,"BGC0000304","apicidin","NRP","Fusarium incarnatum"
"asn","GPTRPPVRPAPR","thr",12,"BGC0000341","enduracidin","NRP","Streptomyces fungicidicus"
"thr","GPDRIEVPPRRIPDGATRITPDMLPLAELTEEELARVEAAVPGGASN","hpg",47,"BGC0000341","enduracidin","NRP","Streptomyces fungicidicus"
"hpg","SVRATPGRTALKAGAR","hpg",16,"BGC0000341","enduracidin","NRP","Streptomyces fungicidicus"
"hpg","AVPGRKALVARTR","thr",13,"BGC0000341","enduracidin","NRP","Streptomyces fungicidicus"
"thr","APAVVVPPPGMIPEGATEITPEMLPLVDLTEDEIARVTETVPGGAAN","hpg",47,"BGC0000341","enduracidin","NRP","Streptomyces fungicidicus"
"hpg","ARPGRIELAARER","gly",13,"BGC0000341","enduracidin","NRP","Streptomyces fungicidicus"
"thr","GSGTPDGAIKAVKEQLRAVPGEGIGFGLLRRFGSPAQQAALAGVPKPEVVFNYLGQLDASFAEDSPWRLSSGSAGANQDPAALLSHPLSVSGQVLDGELRLTLAFSRARHRAETVHPLAEALREELEALIAHCTSGAAGVTPGDFPLARLTQAGLDALELDPAQ","asp",164,"BGC0001189","taiwachelin","NRP","Cupriavidus taiwanensis LMG 19424"
"orn","GNGTLDGAIKAVKEQLRAVPGEGIGFGLLRRFGSPAQQAALAEVPKPEVVFNYLGQLDASFAEDSPWRLSSGSAGANQDPATPLSHPLSVSGQVQDGQLRLSVAYARRRYRSATIEALAAAFRAELEAVVAHCTAGVAGLTPSDFPLARLSQAGLDALGLAPQQ","ser",164,"BGC0001189","taiwachelin","NRP","Cupriavidus taiwanensis LMG 19424"
"ser","PLDGNADAENARAMPRHTRLRSEDFALARLSQDQLDGLGLDAAR","orn",44,"BGC0001189","taiwachelin","NRP","Cupriavidus taiwanensis LMG 19424"
"val","AMGAGRPAPRPGPR","thr",14,"BGC0001203","clarexpoxcin","NRP / Polyketide","uncultured bacterium AR_456"
"thr","ELPEAAPK","thr",8,"BGC0001203","clarexpoxcin","NRP / Polyketide","uncultured bacterium AR_456"
"gly","AKSARPKLKPFDR","thr",13,"BGC0001185","bacillibactin","NRP","Bacillus amyloliquefaciens subsp. plantarum str. FZB42"
"val","EDRNVGRRVKDVKEGLRRLPHKGIGYGILRYLSATEKGESAFVVEPEISFNYLGQFDQDLKNNAFRMSPYSLGASISDTLTKRYSLDINGMITDGALELTISYSSKTFMKKSIKRLADLLQESLRQVLAHCVDKELPELTPSDLSFQGLTAGELEHIVEQTAAAGE","orn",166,"BGC0000449","tridecaptin","NRP","Paenibacillus terrae"
"orn","GSLGQGGNIARLIKRVKEGLHHIPQKGIGYGILRYLSNTEAFARAGVQLQLTPEINFNYLGQFDQDYKGNDLEPSSYSMGVPVSTNAAMDFALDINGVIEDGELIFTIRYGTTQFRHETIARLGELLASGLREVISHCVAQERTVLTPSDVLLNNVTLDELEQLVEDTRDLGE","gly",173,"BGC0000449","tridecaptin","NRP","Paenibacillus terrae"
"gly","GRDHDLSGRIKQVKESLRQIPNKGIGYGIWRHLSEAGQAAGHKEDALHTGQTDGGYAEPQVSFNYLGQFDQDLQNSDIRMSPYPIGLAVSDRTKMKYALDVGGIVTNGILELDIRYNGKAFRKDTIQMLAGLLKANLLEMIEHCVIRERSELTPSDVLLKGLTLEQLDTIVEQTQTVGE","ser",179,"BGC0000449","tridecaptin","NRP","Paenibacillus terrae"
"ser","GANLTLAERIKDTKEGLRRIPHKGLTYGTWRYLSHASASDEARAIAAEPEISFNYLGHFDQDLENSGITLSSYGAGETDDTHSPLLYTLDLNAMISEGMLRLTIAYSRKQYRKETLERVAGLLQSALQEVITHCVAQEQPELTPSDVSFKGLTTGELEQIAEQAARTGE","phe",169,"BGC0000449","tridecaptin","NRP","Paenibacillus terrae"
"phe","GKAEVGQRIKRVKEDLRHVPHKGIGYGILKYMSQHAANPSLTLQPEISFNYLGQFDQDLENGDITLSSHTGGEPMSDNTALEHPLNVNGMITAGVLTLEIRYDSKVYHQQNVEKFAQLLQESLQEVIVHCASKERSELTPSDVLFKGLTLEKLEQLTEQMAAVGE","ser",165,"BGC0000449","tridecaptin","NRP","Paenibacillus terrae"
"ser","LDQVAYASIPVTEARG","orn",16,"BGC0000449","tridecaptin","NRP","Paenibacillus terrae"
"orn","HQTQQTYVSIPVVEER","orn",16,"BGC0000449","tridecaptin","NRP","Paenibacillus terrae"
"orn","VGQDLSQCIKNVKEGLRRIPQKGIGYGILRYLSAAREQERFVTEPEISFNYLGQFDQDMQNQSIDVSPYSSGEELSAHAARSYTLDINGMISEGELQLTISYSNQEYRRETMEQLAEEFRTSLREIIAHCAGRKQQELTPSDVMLKNVTMAELDQLVERTRDIGE","phe",165,"BGC0000449","tridecaptin","NRP","Paenibacillus terrae"
"phe","LDQVAYASIPVTEARD","glu",16,"BGC0000449","tridecaptin","NRP","Paenibacillus terrae"
"val","LEQTAYESIPVTENKP","ile",16,"BGC0000449","tridecaptin","NRP","Paenibacillus terrae"
"ile","PEEIALSQRIKHVKEGLRGIPQKGIGYGVLKYLADRQTQAPEASSALFTTDPEISFNYLGQFDQDMKGNDLESSPYSGGMPLSPTMARTYTLDFGGIISGGQLGLTISYSRTSYRPETIERLAKLLESSLREILTHCIHKEHPELTPSDISYKGMSVEGLDSLLSEMGAAGKV","val",173,"BGC0000449","tridecaptin","NRP","Paenibacillus terrae"
"aad","KYTKASNGTNGVTNGTAHVNGHAANGHV","cys",28,"BGC0000317","cephalosporin","NRP","Acremonium chrysogenum ATCC 11550"
"cys","RGSNEVKDVAVVKGGAS","val",17,"BGC0000317","cephalosporin","NRP","Acremonium chrysogenum ATCC 11550"
"phe","GELSWAQVTAGESALSHVIKAAKEQLRALPDGLTYGLLRYLNTDIGLDGSEPTIGFNYLGRLGAGAAELSEDFWRIDHESLSLTDVAAAISMPLAHSVELNAGIVETNSDAESGPELRANWTWAPSALDDAQAARLSRLWFEALSGICAHVRSGGGGLTPSDLAPARLTQQQIDALVQQYEV","thr",182,"BGC0000363","glycopeptidolipid","NRP","Mycobacterium chelonae"
"ala","RGLSWQEVAGGAAELGPIVKGAKEQLRALPDPLTYGLLRYLNRDVDLAAPEPVIGFNYLGRLGAGAADLGDDLWRINEDSLTSTSVASSVSMPLMYTVDLNAGIVEGGLGDESGAHLRAGWTWAPSSVTEPQVQRLSQLWFEALAGICAYVRNGGGGLTPSDIAPAQLSQQQIDELHEQHNI","ala",182,"BGC0000363","glycopeptidolipid","NRP","Mycobacterium chelonae"
"hpg","EGTARAALVPQQR","phe",13,"BGC0001233","feglymycin","NRP","Streptomyces sp. DSM 11171"
"phe","RGAGPGGVQQALTPRRRP","asp",18,"BGC0001233","feglymycin","NRP","Streptomyces sp. DSM 11171"
"ala","QASLADSIKFIKEQLRAVPNKGIGFGALRYLGDAQAQQALAALAVPRITFNYLGQFDGSFDEQDSLFKPSGEAKGDDQSPLAPLSNWLSLDGQVYGGELSLNWTFSQQMFDTATVQRLADDYTEELKALVAHCCTPELAGATPSDFPLAGLNQQQLDRLPVAMAS","orn",165,"BGC0000413","pyoverdine","NRP","Pseudomonas protegens Pf-5"
"thr","GPETAQPLQSIPLVDR","ala",16,"BGC0000413","pyoverdine","NRP","Pseudomonas protegens Pf-5"
"asp","QVQACAGAAALPQIEVLERD","orn",20,"BGC0000413","pyoverdine","NRP","Pseudomonas protegens Pf-5"
"phe","RRLDWARVVAGEAALGAVIKDAKEQLRALPDGLSYGLLRYLNPEIEVQGPDPVIGFNYLGRLGAGADLSEEMWRVSADSLSSAAVATAVPMPLAHTVELNAGTMDTDAGPQLHANWRWARSVLTDEQLNRLSRLWFEALTGICAHVQAAGGGLTPSDIAPARLDQQQIDELCQQHQI","thr",177,"BGC0000362","glycopeptidolipid","NRP","Mycobacterium avium"
"ala","IDGLDWASVVAGDDALGAAVKAAKEQLRALPDGLTYGLLRYLNPDVDLGGSDPVIGFNYLGRLGAAADLPGELWRLSPDSLSLSGAAAAVAMPLMHTVDVNAGTMDTEDGPHLHANWTWAPSAVDRDQISRLSQLWFEALAGICAHVRAGGGGLTPSDILPARLNQRQIDELSKQHQI","ala",178,"BGC0000362","glycopeptidolipid","NRP","Mycobacterium avium"
"gly","NAAARTRITPAAR","asp",13,"BGC0000354","friulimicin","NRP","Actinoplanes friuliensis"
"asp","GTVAARTPVVARVR","gly",14,"BGC0000354","friulimicin","NRP","Actinoplanes friuliensis"
"val","AGTAREPVTAADPR","pro",14,"BGC0000354","friulimicin","NRP","Actinoplanes friuliensis"
"thr","AGTGRPRLLPRRR","gly",13,"BGC0000291","A54145","NRP","Streptomyces fradiae"
"gly","AGEAGPRLRPADPR","asn",14,"BGC0000291","A54145","NRP","Streptomyces fradiae"
"ser","GIDVDEAIAGGAAAGEALKRVKEQRHAVPGDGNGYTLLRHLNDETAAALRPHPADEIGFNFLGHFSFDAPRSGHHDGWTPAPEHPELVAAPDPGMPALSALDLGALVTRADDGPRLTALFTFATGVLGADEVRALAADWRAALTGLRTRAAEGATGLSPGDVPLVTVGQAELDAWQRRFG","gly",180,"BGC0000434","SW-163C / SW-163D / SW-163E / SW-163F / SW-163G","NRP","Streptomyces sp. SNA15896"
"cys","ATAVRPPLVPRAR","val",13,"BGC0000434","SW-163C / SW-163D / SW-163E / SW-163F / SW-163G","NRP","Streptomyces sp. SNA15896"
"ser","ATGEPLAMLKAVKETVRRTPDGYGPLRYLNAQTGPLLAGLAKPRIALRYDGRVPAGPGEWQVAGHTATPPPGDHLVRIGVACEETRDGPRLTATFAGPAGVLAERWAAALRELAATDTGATPGLTPSDLELVSLTQEEITRVERFSPA","orn",148,"BGC0001211","albachelin","NRP","Amycolatopsis alba DSM 44262"
"orn","GEPARPAVVRAER","ser",13,"BGC0001211","albachelin","NRP","Amycolatopsis alba DSM 44262"
"ser","PSAHPVLTAGHR","ser",12,"BGC0001211","albachelin","NRP","Amycolatopsis alba DSM 44262"
"ser","GATEIVVPDNGIVPDCEQITPQMLPLADLSQREIDAVVAGVPGGMSN","ile",47,"BGC0000329","corpeptin","NRP","Pseudomonas corrugata"
"aad","QQEKCDKPHEAPTELLEENAAT","cys",22,"BGC0000405","penicillin","NRP","Penicillium chrysogenum"
"cys","AADVHEITPIDCND","val",14,"BGC0000405","penicillin","NRP","Penicillium chrysogenum"
"leu","TPAAARPALRPADR","phe",14,"BGC0001297","WS9326","NRP","Streptomyces calvus"
"thr","TGNLPEARRPLTVMDK","tyr",16,"BGC0001297","WS9326","NRP","Streptomyces calvus"
"thr","GADTARPRLRPAGDPDG","abu",17,"BGC0001116","virginiamycin","NRP / Polyketide","Streptomyces virginiae"
"thr","GQQEVQVPTNLITHATTHITPDMLPLVELDQAALDHIIQRVPGGISN","val",47,"BGC0001312","viscosin","NRP","Pseudomonas fluorescens SBW25"
"val","GREVVVPANGIPLGCTQITPSMLTLVQLDPAAIERIVANVPGGAAN","leu",46,"BGC0001312","viscosin","NRP","Pseudomonas fluorescens SBW25"
"leu","GREVQVPVNRIPADCRRITPDLLTLVELDQATIDQVVAQVPGGTAN","ser",46,"BGC0001312","viscosin","NRP","Pseudomonas fluorescens SBW25"
"leu","GRSALPDILPANR","ser",13,"BGC0001312","viscosin","NRP","Pseudomonas fluorescens SBW25"
"ser","GGREVAVPDNGIAADCAYITPDMLPLIPLDQPAIERIVACIPGGAAN","ile",47,"BGC0001312","viscosin","NRP","Pseudomonas fluorescens SBW25"
"leu","PQTPWGSLIKSVKEQLRSIPDKGIGYGIHRYLSKDEQTINTLQAYRQPEISFNYLGQFDQDQTADSSLFQIIPNWSASNLSRDEARIHTLDFQSMVAGDQLEMTWTYSGDMYEQQTIEELARDYVQSLQAIVAHCRSEEAGGYTPSDFALAELDQTSLDKFIGNNRL","ala",167,"BGC0000367","gramicidin","NRP","Brevibacillus brevis NBRC 100599"
"ala","GSFWRETSGASIEPVSR","val",17,"BGC0000367","gramicidin","NRP","Brevibacillus brevis NBRC 100599"
"val","IEQEKPWGHTLKAVKEQLRQIPNKGVGYGILRYLSDDLELQHQLKAQLKPQISFNYLGQFDQTVAVSSTFGIASECSGANLAPDSIRENLLDIISAVTGDQLHVTWLYNENIHDEQTIAAVADHYMEALREIMTYTQSAEEIGYTPSDFPLANLNQQSIDKYIASDRQ","ala",168,"BGC0000367","gramicidin","NRP","Brevibacillus brevis NBRC 100599"
"ala","GSFLQETTGTAIEPVSR","val",17,"BGC0000367","gramicidin","NRP","Brevibacillus brevis NBRC 100599"
"val","WSEQGAALHLGEKEAIGGSIQPVSR","val",25,"BGC0000367","gramicidin","NRP","Brevibacillus brevis NBRC 100599"
"val","DQTKTWSELLKAVKEQLRAIPQNGVGYGILHYLRQDDELKEQLKSRMKPEISFNYLGQFDQAVSSNAKFGMAAESRGSNLAPDSIRGHLIDVNSVISGEQLHVTWFYNENIHEKTTVEAVARDYMDALREIMAHCRSEEAGGYTPSDFPLSRLDQRTIDTYVGKDRS","trp",167,"BGC0000367","gramicidin","NRP","Brevibacillus brevis NBRC 100599"
"trp","TALLQGEAGLTDIPLVPMSR","leu",20,"BGC0000367","gramicidin","NRP","Brevibacillus brevis NBRC 100599"
"ser","AVAPADLSPSAHVAPFAQVPEAIRLANEGE","pro",30,"BGC0001149","brabantamide","NRP / Saccharide","Pseudomonas sp. SHC52"
"leu","RPVPAGGPVDGPLLTLTAAEEAELALAAPG","bht",30,"BGC0000311","balhimycin","NRP","Amycolatopsis balhimycina DSM 5908"
"bht","GTDLADVLAGGPAAGRLLKAVKEQSRAVPGDGLGYGLLRYLNGTTGPVLADLPSPQIGFNYMGRFAAGEKSGVRAWQPVGDIGSSLEPGMGLPHALEVNAIVQDLPDGPELTLMLEWQDGLLGEDEIDRLGRAWLDMLSGVARQAADPAAGGHTASDFDLVTLDQAEIEALEAEFAAAG","asn",179,"BGC0000311","balhimycin","NRP","Amycolatopsis balhimycina DSM 5908"
"hpg","SDVDLAGAADGERPAGQLLKAVKEQIRAVPGDGSGYGLLRHLNPGTGARLAELPSAQIGFNYLGRTVLAPEDTAWQPNGGGPLGGGPDMVLAHAVEVSAELQDTPAGPRLGLAIDTRDFDLATVERLGEAWLEMLTGLAAVARGSGAGGHTPADFALVDLTQRDVAELEAAAP","hpg",173,"BGC0000311","balhimycin","NRP","Amycolatopsis balhimycina DSM 5908"
"hpg","TGVDPAEAVAGGDAAGRLLKQVKENVRAVPDGGLGYGMLRYLNAETGPVLAALPKAEIGFNYLGRFSAGSGGEAQPWQITGIVGGAAEQDTPLRHVVEIDAVVVDGPDGPEFTLTVTWAGRMLGDAEAESLAQAWLDMLAGLAAHVAAGGPGGHTPSDFPLTALTQREVAEFEAAVPG","bht",178,"BGC0000311","balhimycin","NRP","Amycolatopsis balhimycina DSM 5908"
"phe","TQADSALCRQPAL","asn",13,"BGC0001056","zeamine","NRP / Other / Polyketide","Serratia plymuthica RVH1"
"asn","PSTGSWGDLIQDVKEAQRRVPHGGVGYGMLYDAAAQAAEVCFNYLGQFDGDFHQPPLSGVADLLMAHRYAPENRRGWALEVDSYIDEGELVIVWSYNPNSWRAETIAAQTDAMKKHLDALIAHCQAQARTTWTPSDFPLAGLSRASLLQLQQRHSQI","asn",157,"BGC0001056","zeamine","NRP / Other / Polyketide","Serratia plymuthica RVH1"
"thr","GSGQGVGGPITAAPFSQITQEDRELLPPEV","val",30,"BGC0001056","zeamine","NRP / Other / Polyketide","Serratia plymuthica RVH1"
"ile","IGEQSFSSIPLAGAR","orn",15,"BGC0001192","colistin","NRP","Paenibacillus alvei"
"orn","LDEQTFVAIPVADD","orn",14,"BGC0001192","colistin","NRP","Paenibacillus alvei"
"orn","GLKQQETYEITKAAE","thr",15,"BGC0001192","colistin","NRP","Paenibacillus alvei"
"thr","LEETRHSSIPKAEER","orn",15,"BGC0001192","colistin","NRP","Paenibacillus alvei"
"orn","GHAQELGHQLKQVKESLRRIPNKGISYGILRYLSAPRDGECFALEPEISFNYLGQFDQDYESSGSQPSPFSPGSDSSPNAVMDFVLDINGMVSEGVLELTIRYGETQYKRETVERLGTLLQLSLREVINHCVSKERPELTPSDVLLQDVTVEELERLAEHTAALGE","orn",166,"BGC0001192","colistin","NRP","Paenibacillus alvei"
"orn","EWLEIGSFIAIPAAEP","orn",16,"BGC0001192","colistin","NRP","Paenibacillus alvei"
"asn","SAGAGSVTVPENLIPAGAETITPEMLPLVDLTAEEIERISARVQGGAANI","thr",50,"BGC0000431","stenothricin","NRP","Streptomyces roseosporus NRRL 15998"
"thr","SADGERVSVPENLIPAGAETITPEMLPLVELTAAEIERISARVQGGAANI","ser",50,"BGC0000431","stenothricin","NRP","Streptomyces roseosporus NRRL 15998"
"thr","AGGQGAVSVPENLIPAGAETITPEMLPLVELTAAEIERISARVQGGAANI","thr",50,"BGC0000431","stenothricin","NRP","Streptomyces roseosporus NRRL 15998"
"cys","AGQVRPPLRRHDR","val",13,"BGC0001228","retimycin","NRP","Salinispora arenicola CNT005"
"ser","GIDVDEAIAGGPAAREAVRRVTGQRNALPGDGNGYTLLRYLNTETGTVLRDLPAAEIGFNFLGHFSFDEMRAGDGAGWTPAPECAELVAAPGPAMPALHALALDALVTNTGDGARLTALFTFATGLLSAAEVEEMAGAWHAALCGLHASAARGHARITPQDLPMVNVGRAELDTWQQRHG","gly",180,"BGC0001228","retimycin","NRP","Salinispora arenicola CNT005"
"cys","EESDMEHPIQKARE","leu",14,"BGC0000310","bacitracin","NRP","Bacillus licheniformis"
"leu","DISVRRRKCFYIDRKTEEKP","glu",20,"BGC0000310","bacitracin","NRP","Bacillus licheniformis"
"glu","EEKEISQNIKMVKEALRKIPNKGIGYGVLKYMTEELQKIQTQAPLSFNYFGEMNNDMNRKVFSQSPFSPGESIGGKIVRHCAIEMNAISLNGELTIYTTFNQDQYQTSTIEQLNQSFKENLEKIVDHCVDKEGSDMTPSDYGDVSLGLEELELIKDKYSAFQ","ile",162,"BGC0000310","bacitracin","NRP","Bacillus licheniformis"
"lys","QKQVQSDIQKAEK","orn",13,"BGC0000310","bacitracin","NRP","Bacillus licheniformis"
"ile","KDSVYSSIQKVEE","phe",13,"BGC0000310","bacitracin","NRP","Bacillus licheniformis"
"phe","GEEKALSQQIKMVKETLRKIPNKGIGYGLLKYMAEDPDFTNEEKARISFNYLGDIDADMNRGEFSGSSFSEGESIGGKIARSHSIEINAIVMNHELVIHTTFNQMEYEKDTISRLNHQLKERLEQIIKHCTQQTESERTPSDYGDTNISLAELEEIKGKYRSA","his",163,"BGC0000310","bacitracin","NRP","Bacillus licheniformis"
"his","MKESPYASITQAEE","asp",14,"BGC0000310","bacitracin","NRP","Bacillus licheniformis"
"asp","QETDMSRTIKMVKEHLRNVPNKGIGYGILKYLTRDSEIAKGAASPILFNYLGQLDEDINSGEFSSSHLSPGEAAGKGITREHPLEINAVVFRGKLAIQTTYNTRAYSEDVVRAFAQNYKEALKAVIRHCAEREETEKTPSDYGDKGISLDQLEEIKLKYKGME","asn",163,"BGC0000310","bacitracin","NRP","Bacillus licheniformis"
"ile","LASSAREVELALQPR","ser",15,"BGC0001207","teixobactin","NRP","Eleftheria terrae"
"ile","PTGAGSVCAAVEVPPNGIPPGCARITPDMLPLVQLSAEQVEAVVATVDGGAAN","ile",53,"BGC0001207","teixobactin","NRP","Eleftheria terrae"
"thr","GDGAGHGGEVDVPPNRIPPGCVTLTPEMLTLVELTPAEIAHVVAGVQGGAAN","ala",52,"BGC0001207","teixobactin","NRP","Eleftheria terrae"
"aad","RGTAPADGTPQERRSAEGTADTTGTDGAEGADGGPVRLLAN","cys",41,"BGC0000319","cephamycin C","NRP","Streptomyces clavuligerus ATCC 27064"
"cys","AAHGDGEQDGPVAGRAAAGD","val",20,"BGC0000319","cephamycin C","NRP","Streptomyces clavuligerus ATCC 27064"
"ser","HVTNWDELWAAGPATGTALKHIKEQIRALPDHGIGYGLLRHLNPTTTPTLTNTPRPQIGFNYLGRFTTTTANDWEPDHEHGGFSGGADPQLPLAHPLELNALTQDTPQGRHLIAHWTWAEDIFSEQDIHDLAHTWFKALETLATHARTPDTGGHTPSDLPYVTLTQDDLEELERDTPD","ala",178,"BGC0000306","arylomycin","NRP","Streptomyces roseosporus NRRL 11379"
"gly","GDRARPALTAADR","hpg",13,"BGC0000306","arylomycin","NRP","Streptomyces roseosporus NRRL 11379"
"hpg","GPADRTRPALVPWDR","ala",15,"BGC0000306","arylomycin","NRP","Streptomyces roseosporus NRRL 11379"
"gln","RRDAPADPGPVLDILPVPASG","gln",21,"BGC0000985","didemnin","NRP / Polyketide","Tistrella mobilis KA081020-065"
"leu","IVDPAEPPRASLARIKDTLRAVPRRGAGFGPLIRAGRIETPPPAPEIAFNYLGQVDAALDGGGLLAAAPEPVGPLQSPAATRLHALTIGAAVMAGRLRVEITWPGDRIAAARMERLADDVVAELGALVDVCMAADAAGLTPSDLPLAGLDQPGLDGLLARLPIPAEAV","thr",168,"BGC0000985","didemnin","NRP / Polyketide","Tistrella mobilis KA081020-065"
"leu","GREIEVPANRIAADCTHITPAMLPLVQLQQADIERIVATVPGGAAN","asp",46,"BGC0000305","arthrofactin","NRP","Pseudomonas sp. MIS38"
"thr","HALRVPENLIAADCTRITPDMLPLATLDQAAIDRVVASVPGGVGN","leu",45,"BGC0000305","arthrofactin","NRP","Pseudomonas sp. MIS38"
"leu","GREIEVPANRIPPGCTRITPDMLSLTELDQASIERIVATVPGGAAN","leu",46,"BGC0000305","arthrofactin","NRP","Pseudomonas sp. MIS38"
"leu","GREVAVPANLIPIGCTHITPDMLTLVQLDQQSIERIVATVPGGAAN","ser",46,"BGC0000305","arthrofactin","NRP","Pseudomonas sp. MIS38"
"leu","GRCAQPQIVPVPRD","ser",14,"BGC0000305","arthrofactin","NRP","Pseudomonas sp. MIS38"
"ser","GEPEAEVPANLIPADCTRITPELLPLVALDQPSIDRIVASIPGGVAN","ile",47,"BGC0000305","arthrofactin","NRP","Pseudomonas sp. MIS38"
"ile","GRSTLPEIVAAAP","ile",13,"BGC0000305","arthrofactin","NRP","Pseudomonas sp. MIS38"
"ile","GRSTLPEILPAPRD","asp",14,"BGC0000305","arthrofactin","NRP","Pseudomonas sp. MIS38"
"asn","EDLPRTPVTEPFALISAEDRALVPDD","his",26,"BGC0000963","bleomycin","NRP / Polyketide / Saccharide","Streptomyces verticillus"
"ser","ADRRPARQETPPGPFALCPEAAGVPG","asn",26,"BGC0000963","bleomycin","NRP / Polyketide / Saccharide","Streptomyces verticillus"
"leu","QPEVTETIIHTKEMLRAVPNKGIGYGALHQAGDLAGELPAISFNYLGQLGGDAGQSRHQDWSLTDDDCGAVVASNNPSPLLLDINGAVQAGSLQFNVLSRLPQTQTQVFITAFEQALTTVITAGQKQARLGGIKTSSDYGIQGVSVERLSRFQQRYQ","leu",157,"BGC0001133","taxlllaid","NRP","Xenorhabdus bovienii SS-2004"
"leu","QACTVIPHVEL","ser",11,"BGC0001133","taxlllaid","NRP","Xenorhabdus bovienii SS-2004"
"thr","QACTVIPHVEL","ser",11,"BGC0001133","taxlllaid","NRP","Xenorhabdus bovienii SS-2004"
"ser","QACTVIPHLEL","leu",11,"BGC0001133","taxlllaid","NRP","Xenorhabdus bovienii SS-2004"
"leu","QQACTVIPHVEL","leu",12,"BGC0001133","taxlllaid","NRP","Xenorhabdus bovienii SS-2004"
"ala","GVDVADAFAAGPAAGRAIKAVKERLRAVPDHGIGYGLLRRLNPETAAVLAQEREPRIGFNYLGRSSGADIPEELRGLGWAPDTTHADLIAAPDADMPVLSALEINAVAADTGAGEELTAYFGFPTGVLSREDVTELAGLWVEALGALARHAATPEAGGLTPSDAPLVQVSREEIDTWETRFGK","ala",183,"BGC0001036","polyoxypeptin","NRP / Polyketide","Streptomyces sp. MK498-98F14"
"val","SAGDRPPLVPAER","phe",13,"BGC0001085","teleocidin B","NRP / Terpene","Streptomyces blastmyceticus"
"thr","QPYTTEAETIGLVDRN","thr",16,"BGC0000443","thanamycin","NRP","Pseudomonas sp. SHC52"
"thr","GNNTQRVVPENLIPADCTAIEPHMLPLVTLSQQEIEQIVADVPGAAAN","asp",48,"BGC0000443","thanamycin","NRP","Pseudomonas sp. SHC52"
"glu","NEGPAFRAIEPAEK","leu",14,"BGC0000433","surfactin","NRP","Bacillus amyloliquefaciens subsp. plantarum str. FZB42"
"leu","ERKAAESIAPAAE","leu",13,"BGC0000433","surfactin","NRP","Bacillus amyloliquefaciens subsp. plantarum str. FZB42"
"val","SEEEQQFEPIRQAPY","asp",15,"BGC0000433","surfactin","NRP","Bacillus amyloliquefaciens subsp. plantarum str. FZB42"
"asp","AVSEGYRMISPADS","leu",14,"BGC0000433","surfactin","NRP","Bacillus amyloliquefaciens subsp. plantarum str. FZB42"
"val","HQIVTVPPNVITPATTALTPEMLPLIDLTQPEIDHIVEQVPGGGAN","phe",46,"BGC0001128","luminmide","NRP","Photorhabdus luminescens subsp. laumondii TTO1"
"phe","CAQICAQRNTGSDKLPEIRSISRD","phe",24,"BGC0001128","luminmide","NRP","Photorhabdus luminescens subsp. laumondii TTO1"
"phe","VPHREISVPDNGITADTTVLTPAMLPLIDLTQAEIDRIVEQVPGGIAN","phe",48,"BGC0001128","luminmide","NRP","Photorhabdus luminescens subsp. laumondii TTO1"
"thr","APPEAEPLDWLANTVEALALWTPRAAEWLGARPALAPQDRALPAISFNYLGNFAAPSEGGALKVLPLPALALHDPDGRRPFAHDLIAWSDAGGLHLQWLYDGAHHDPAVVDNWLAAIVARLELLAGALDRSGPR","tyr",134,"BGC0001127","jagaricin","NRP","Janthinobacterium agaricidamnosum"
"thr","ADNAPEAAIAAATPAAPRAPFDGLQPDERSALPGDA","gln",36,"BGC0001127","jagaricin","NRP","Janthinobacterium agaricidamnosum"
"gln","APAPAPALEDVVREAKTGLRAIPAAGRAWLKTSRGQPGLAPADCIIMNYLGRFDGTIGAADAPFDALDVSLPPASDPANRRSSLLDLVGLVERQCLRLSIDADGTRFGAARAAQLAELLQQALAGLAGAGPAQAGAAWLASDFPLAALADDAELGALLRAHPDT","gly",164,"BGC0001127","jagaricin","NRP","Janthinobacterium agaricidamnosum"
"orn","TAPDPTAPAYLSAALKAVKEDLARVPDHGVSYGALRHLARVAFDAPAPQVLFNYLGRFDAGSSGDWQLASVNGQLGEQRDPRMRLPRALEFNAIAEPDATGAYTLVTAISWPDGMFTDTDITTLGAYYVEALTGLAALENGGHSPSDFHPLPLTQADVDALDGPAL","thr",166,"BGC0000325","coelichelin","NRP","Streptomyces coelicolor A3(2)"
"thr","HTDPVAAAREVTARRPDEHAHVAYGGLRYLNPQTAPLLGTARPQALFNYLGRGAESDAPRLTGADAGSPYAVEVNAWTDAATGGLHAAFTLAEGVPDEITEHWHRALERIADAAATAE","orn",118,"BGC0000325","coelichelin","NRP","Streptomyces coelicolor A3(2)"
"leu","SDGGEVAVPANRIPAGCTQITADMLALADLDQPSLDRIVAGIPGGAGN","asp",48,"BGC0001347","poaeamide B","NRP","Pseudomonas synxantha"
"bht","GIDLADVLAGGSAAGRLLKVVKEQSRAVPGDGLGYGLLRYLNGTTGPVLAELPSPQIGFNYMGRFVTSEKSGVRAWQPVGDIGSSLEPGMGLPHALDVNALVQDLPDGPELTLMVEWQEDLLGEAEIERLVQEWLDMLSGLARQADDPAAGGHTASDFDLVDLDQDEIEALEAEHAGVGGL","asn",181,"BGC0000322","chloroeremomycin","NRP","Amycolatopsis orientalis"
"hpg","DVDLAAAAAGNAPAGQLLKAVKEQIRAVPGDGSGYGLLRHLNPDTGARLAELPSAQIGFNYLGRTVLAAQNTAWQQPVAEGPLGGGPDMVLAHAVEVSAELLDTPAGPRLGLAIDTRDFDLATVERLGEAWLEMLTGLAAMAGNPGAGGHTPSDFDLVDLTQRDVTELEAAAP","hpg",173,"BGC0000322","chloroeremomycin","NRP","Amycolatopsis orientalis"
"hpg","TGVDTAEAIAGGGAAGRLLKQVKENVRAVPDGGLGYGMLRYLNAETGPVLAALPKAEIGFNYLGRFSSRPDGEAQPWQIKGIVGGAAEQDTPLRHVVEIDAVVLDGADGPEFTLTVTWAGRIVGDAEAESFANAWLDMLSGLAAHVEAGGAGGHTPSDFPLTTLTQREVAEIEAAVPN","bht",178,"BGC0000322","chloroeremomycin","NRP","Amycolatopsis orientalis"
"thr","IGEQSFSSIPLAGAR","orn",15,"BGC0000408","polymyxin","NRP","Paenibacillus polymyxa"
"orn","LDEQTFVAIPVADD","orn",14,"BGC0000408","polymyxin","NRP","Paenibacillus polymyxa"
"orn","GLRQQETYEITKAAE","thr",15,"BGC0000408","polymyxin","NRP","Paenibacillus polymyxa"
"thr","LEETQHSSIPKAEEK","orn",15,"BGC0000408","polymyxin","NRP","Paenibacillus polymyxa"
"orn","GHAQALGHQVKQVKESLRRIPNKGIGYGILRYLSAPREGEYFVLEPEISFNYLGQFDHDYESSSSQPSPFSPGSDSSPNAVMDYVLDINGMVSEGALELTIRYGETQYKRETVERLGTLLQSSLREVISHCLSKERPELTPSDVLLQDVTVEELERLSEHTVALGE","orn",166,"BGC0000408","polymyxin","NRP","Paenibacillus polymyxa"
"orn","LEIGSFMAIPAAEP","orn",14,"BGC0000408","polymyxin","NRP","Paenibacillus polymyxa"
"leu","NTAASNTEAFQVPENRVPPGCTRITADMLSLVSLEQAAIDQIVASVPGGAAN","leu",52,"BGC0000435","syringafactin","NRP","Pseudomonas syringae pv. tomato str. DC3000"
"leu","GREISAPVNRVPTGCTHITPELLSLTRLDQPTIDRIVATVPGGAAN","gln",46,"BGC0000435","syringafactin","NRP","Pseudomonas syringae pv. tomato str. DC3000"
"leu","AARSQLPAIDVQPRN","thr",15,"BGC0000435","syringafactin","NRP","Pseudomonas syringae pv. tomato str. DC3000"
"thr","SEIQVPANLIDAHCQHITPELLPLVALDQAAIDRIVAQVPGGAAN","val",45,"BGC0000435","syringafactin","NRP","Pseudomonas syringae pv. tomato str. DC3000"
"val","AGRSELSLILPAPR","leu",14,"BGC0000435","syringafactin","NRP","Pseudomonas syringae pv. tomato str. DC3000"
"leu","GSQVKIPANLIGADCTSITPDLLPLVKLDQAGIDRVVASVTGGAAN","leu",46,"BGC0000435","syringafactin","NRP","Pseudomonas syringae pv. tomato str. DC3000"
"val","PASTLPKPELVARKR","thr",15,"BGC0001214","marformycins","NRP","Streptomyces drozdowiczii"
"thr","APRAQRPPLRPLDR","phe",14,"BGC0001214","marformycins","NRP","Streptomyces drozdowiczii"
"val","AARPALTHRAR","phe",11,"BGC0000391","methylpendolmycin/pendolmycin","NRP","Marinactinospora thermotolerans"
"hpg","GAVPAGPPVDRPLIALTAEEEVELAAAVPG","tyr",30,"BGC0000441","teicoplanin","NRP","Actinoplanes teichomyceticus"
"hpg","GVDLAAAAAGDAAAGELLKSVKDQVRAAPGDGFGFGLLRHLNPDTAERLAALPAPQIGFNYLGRSGVAAEAVPWQVRGGSLGAGEAGPDLVLAHPLEAGADVRDTPDGPLLRLTLDGRDLAPVTVELLGEAWLELLTGLATHAGDPRAGGHTPADFDLVEVTQRDVTALEAAAP","hpg",174,"BGC0000441","teicoplanin","NRP","Actinoplanes teichomyceticus"
"hpg","TGIDTAEVIAGGGAAGRLLKTVKENVRAVPDGGLGYGMLRHLNAETGRVLAAQPAAEIGFNYLGRFSEGPGGDVQPWQQLGTIGGTAEPDMPLRHAVEIDAAVLDAADGPRLELTVTWAGRLVGAAEAESLGRAWQDVLAGLAVHAGDVRAGGHTPSDFPLTALSGQEVAQIEAAVPD","bht",178,"BGC0000441","teicoplanin","NRP","Actinoplanes teichomyceticus"
"val","ALMMQASRASMPPLEPVPR","ser",19,"BGC0000393","myxoprincomide","NRP / Polyketide","Myxococcus xanthus DK 1622"
"thr","SGKTTDVQVPASRIPADCQRITPNMLPLARLSQAQIDRVVAAVPGGVSN","pro",49,"BGC0000438","syringopeptin","NRP","Pseudomonas syringae pv. syringae"
"pro","GGIEIEVPANGIPEGCRHITPDMLTLTALDQASIERIVADIPGGAAN","val",47,"BGC0000438","syringopeptin","NRP","Pseudomonas syringae pv. syringae"
"val","GGTEVVVPANLIPERCEHITPDLLPLISLTQAQIDLVAASVPGGMAN","val",47,"BGC0000438","syringopeptin","NRP","Pseudomonas syringae pv. syringae"
"val","GGSEITVPENAIPDDCTRITAQMLPLADLDQVAIDRIVASVPGGVSN","ala",47,"BGC0000438","syringopeptin","NRP","Pseudomonas syringae pv. syringae"
"ala","GGEPGNGEVNVPANLITQGCERITPDLLPLISLTQAQIDQVVACVPGGAAN","val",51,"BGC0000438","syringopeptin","NRP","Pseudomonas syringae pv. syringae"
"val","GGTEIVVPANLIPERCEHITPDLLPLISLTQAQIDLVVAGVPDGAAN","val",47,"BGC0000438","syringopeptin","NRP","Pseudomonas syringae pv. syringae"
"val","GREIHVPANGITADCQRITPDMVPLANVDQVAIDRIVATVPGGVAN","thr",46,"BGC0000438","syringopeptin","NRP","Pseudomonas syringae pv. syringae"
"thr","GKEAVEVPANLISANCERITPDMLPLVSLSQEDIDRVVSSVPGGLAN","ala",47,"BGC0000438","syringopeptin","NRP","Pseudomonas syringae pv. syringae"
"val","GREINVPANLIGQGCERITPELLPLASLTQVQIDQVVASVPGGVAN","ala",46,"BGC0000438","syringopeptin","NRP","Pseudomonas syringae pv. syringae"
"ala","GSTDIVVPANLITEDCQRITPDLLPLASLTQTQIDQVVATVPGGVAN","ala",47,"BGC0000438","syringopeptin","NRP","Pseudomonas syringae pv. syringae"
"ala","GAVDELVIPANRIPADCQKITPDMLPLINLTQVQIDQVVAGVPGGAGN","thr",48,"BGC0000438","syringopeptin","NRP","Pseudomonas syringae pv. syringae"
"thr","GKSAVEVPGNLIPANCERITPDMLPLVSLSQDDIDRVVASVPGGLAN","thr",47,"BGC0000438","syringopeptin","NRP","Pseudomonas syringae pv. syringae"
"thr","GGYTEVQVPDNLIVQGCERITPDMLPLADLDQAGIDRVVASVPGGLAN","ser",48,"BGC0000438","syringopeptin","NRP","Pseudomonas syringae pv. syringae"
"ser","GGTEIVVPANLISEDCQRITPELLPLANLTQAQIDQVVATVPGGVTN","ala",47,"BGC0000438","syringopeptin","NRP","Pseudomonas syringae pv. syringae"
"ala","GGTEIVVPANLITEHCEHITPDLLPLADLTQAQIDQVVASVPGGVAN","thr",47,"BGC0000438","syringopeptin","NRP","Pseudomonas syringae pv. syringae"
"thr","GKGALEVPVNLIPANCERITPGMLPLAALSQDDIDRVVSSVPGGLAN","ala",47,"BGC0000438","syringopeptin","NRP","Pseudomonas syringae pv. syringae"
"ala","GRSILPDIVPVAR","dab",13,"BGC0000438","syringopeptin","NRP","Pseudomonas syringae pv. syringae"
"dab","AAGSSQQPIVPVSR","dab",14,"BGC0000438","syringopeptin","NRP","Pseudomonas syringae pv. syringae"
"dab","AKGSSQPPIVPVSR","tyr",14,"BGC0000438","syringopeptin","NRP","Pseudomonas syringae pv. syringae"
"thr","AENARPGLSPMPR","ala",13,"BGC0000429","skyllamycin","NRP","Streptomyces sp. Acta 2897"
"ala","GTARARVVPVER","asn",12,"BGC0000429","skyllamycin","NRP","Streptomyces sp. Acta 2897"
"asn","PGAPQARSAPAAGPRPA","gly",17,"BGC0000429","skyllamycin","NRP","Streptomyces sp. Acta 2897"
"phe","GTATRRVEAVER","pro",12,"BGC0000429","skyllamycin","NRP","Streptomyces sp. Acta 2897"
"asn","AGTTPGHTRPTGSFSLVSAEDRALMPED","his",28,"BGC0001058","zorbamycin","NRP / Polyketide / Saccharide","Streptomyces flavoviridis"
"ser","TDGRPPAATEPFALCPGPRPAH","asn",22,"BGC0001058","zorbamycin","NRP / Polyketide / Saccharide","Streptomyces flavoviridis"
"pro","SGARPALTPAER","phe",12,"BGC0000952","pristinamycin","NRP / Polyketide","Streptomyces pristinaespiralis"
"phe","AQEARPPLTARTR","pip",13,"BGC0000952","pristinamycin","NRP / Polyketide","Streptomyces pristinaespiralis"
"thr","AATGRPPLVPRDHGD","abu",15,"BGC0000952","pristinamycin","NRP / Polyketide","Streptomyces pristinaespiralis"
"val","HQVVTVPPNFITATTTALTPAILPLIDLTQPDIDHIVGQVPGGAAN","phe",46,"BGC0001132","xenotetrapeptide","NRP","Xenorhabdus nematophila ATCC 19061"
"phe","CVQRHANSDQLPEIRPISRD","val",20,"BGC0001132","xenotetrapeptide","NRP","Xenorhabdus nematophila ATCC 19061"
"val","HCEMSVPDNVITPDAAVLTPAMLPLIDLTQSDIDCIVEQVPGRIAN","val",46,"BGC0001132","xenotetrapeptide","NRP","Xenorhabdus nematophila ATCC 19061"
"thr","PSDGTPRTTGPDAAGAGPDAGPRPAADAGGPDPDGT","trp",36,"BGC0000459","griseoviridin / viridogrisein","NRP / Polyketide","Streptomyces griseoviridis"
"gly","AEAAGRPALRPRERD","val",15,"BGC0000459","griseoviridin / viridogrisein","NRP / Polyketide","Streptomyces griseoviridis"
"val","AGAARTPLRPAGR","ala",13,"BGC0000459","griseoviridin / viridogrisein","NRP / Polyketide","Streptomyces griseoviridis"
"thr","GQQTVQVPANPIQADTQAITPDMLPLVELDQAAIDHILEAVPGGVAN","ile",47,"BGC0000389","massetolide A","NRP","Pseudomonas fluorescens SS101"
"ile","GREIVVPANGIPAGCTQITPSMLSLVQLTPQAIARIVANVPGGAAN","leu",46,"BGC0000389","massetolide A","NRP","Pseudomonas fluorescens SS101"
"leu","GREVQVPANRISAGCQRITPDMLALVDLDQSAIDQVVAQVPGGAAN","ser",46,"BGC0000389","massetolide A","NRP","Pseudomonas fluorescens SS101"
"leu","GRSTLPDILPANR","ser",13,"BGC0000389","massetolide A","NRP","Pseudomonas fluorescens SS101"
"ser","GGREVAVPANRIAADCTRITPDMLTLITLDPAAIERIVACIPGGAAN","ile",47,"BGC0000389","massetolide A","NRP","Pseudomonas fluorescens SS101"
"leu","QGREAAVPANRIAPDCTHITPDLLVLAELDQPSIDRIVAGIPGGAAN","asp",47,"BGC0001208","poaeamide","NRP","Pseudomonas poae RE*1-1-14"
"asp","ADTDSTDDARPGPVRGR","ser",17,"BGC0001406","telomycin","NRP","Streptomyces canus"
"ser","AATARTPVTPVRPR","thr",14,"BGC0001406","telomycin","NRP","Streptomyces canus"
"thr","TADAARTALTRAEPR","thr",15,"BGC0001406","telomycin","NRP","Streptomyces canus"
"ser","ADQARPPVTARPR","gly",13,"BGC0001406","telomycin","NRP","Streptomyces canus"
"gly","AGRARETVTAGHR","pro",13,"BGC0001406","telomycin","NRP","Streptomyces canus"
"hpg","GDGRGGITPAVPRP","pro",14,"BGC0001406","telomycin","NRP","Streptomyces canus"
"ser","PPSPEPV","ser",7,"BGC0000316","capreomycin","NRP","Saccharothrix mutabilis subsp. capreolus"
"leu","GREVEVPANRIPADCTHITPDLLPLVELDQATLDRIIATVPGGAAN","asp",46,"BGC0001346","bananamides","NRP","Pseudomonas fluorescens"
"thr","DATVSVPANRIEPGCIRITPDMLPLATLDQAAIDRIIEAVEGGIDN","leu",46,"BGC0001346","bananamides","NRP","Pseudomonas fluorescens"
"leu","GREIEVPANRIPAGCTRITPDLLSLTELDQAGIDRIVATVPGGAAN","leu",46,"BGC0001346","bananamides","NRP","Pseudomonas fluorescens"
"leu","GRSTQPPILPVPRE","ile",14,"BGC0001346","bananamides","NRP","Pseudomonas fluorescens"
"thr","GREVAVPANLIEPGVQRITSQMLPLARLSQEQIDAVVAGVPGGVAN","pro",46,"BGC0001389","cichopeptin","NRP","Pseudomonas cichorii"
"pro","GVEEARQIPDNGIPEGCEHITASMLTLLDLEQNEVDRIVAAMPGGAAN","ala",48,"BGC0001389","cichopeptin","NRP","Pseudomonas cichorii"
"ala","GTEIRVPANLIEPGCTHITPDMLPLVTISEEQLEQVIASIPGGAAN","ala",46,"BGC0001389","cichopeptin","NRP","Pseudomonas cichorii"
"ala","GTEIRVPANLIEPGCTHITPDMLPLATISEEQLEQVIASIPGGAAN","ala",46,"BGC0001389","cichopeptin","NRP","Pseudomonas cichorii"
"ala","GTEIRVPANLIEPGCTHITPDMLPLVTISEEQLEQVIASIPGGAAN","val",46,"BGC0001389","cichopeptin","NRP","Pseudomonas cichorii"
"thr","GGTRGVIVPDNLIPAGCERITPQMLPLVRLSQEQIDTVVASVPGGVAN","gly",48,"BGC0001389","cichopeptin","NRP","Pseudomonas cichorii"
"val","GTEIRVPANLIEPGCTRITPDMLPLVELDQNTLDLVVATVPGGAAN","ile",46,"BGC0001389","cichopeptin","NRP","Pseudomonas cichorii"
"ile","EQDIQVPANLIPADCQRIEPWMLPLASLEQTSIDDIVAAVPGGVAN","gly",46,"BGC0001389","cichopeptin","NRP","Pseudomonas cichorii"
"gly","LATRSTWPDITPISR","ala",15,"BGC0001389","cichopeptin","NRP","Pseudomonas cichorii"
"val","HEISVPANAITADCQRITPAMLPLADLDQASIDHLVATVPGGIAN","ala",45,"BGC0001389","cichopeptin","NRP","Pseudomonas cichorii"
"ala","REVVVPANLIEAGCTHITPELLPLVGLDQAELDRIVASVPGGSAN","val",45,"BGC0001389","cichopeptin","NRP","Pseudomonas cichorii"
"thr","GQAQIVVPANLIPEGCERITPDMLPLADLDQEAIDRVVASVPGGIAN","thr",47,"BGC0001389","cichopeptin","NRP","Pseudomonas cichorii"
"thr","GQAQIVVPANLIPEGCERITPDMLPLADLDQEAIDRVVASVPGGVAN","ala",47,"BGC0001389","cichopeptin","NRP","Pseudomonas cichorii"
"ala","GRSALPDIVRVPR","dab",13,"BGC0001389","cichopeptin","NRP","Pseudomonas cichorii"
"dab","ARSSQPSVIAVSR","ser",13,"BGC0001389","cichopeptin","NRP","Pseudomonas cichorii"
"ser","SGAAEPLEVLRSVKDGVRSAPDRGIGHGMLRGLNPQTAPILAGAASAQVLFNYLGRLPASGGDWTPTGALTVEPDDDLGTPYALQVDAVCDDTPEGPRLSLHWTWQDNALSAEDVDELAAGWAEAVRALARGGPAGLTPSDLATVSLEQAEIDRVERVSPV","orn",161,"BGC0000349","erythrochelin","NRP","Saccharopolyspora erythraea NRRL 2338"
"thr","RLADGPLPAPAPAPTAS","leu",17,"BGC0000345","eponemycin","NRP / Polyketide","Streptomyces hygroscopicus"
"cys","LSNVRPPLLPQDR","val",13,"BGC0000450","triostin A","NRP","Streptomyces triostinicus"
"ser","GIDVDEAIAGGAAAGDALKRVKEQRRALPDQGIGYTLLRYLNDETAAVLRPYPADEIGFNFLGHFSFDSFDGPEPARGPGWTPAPECAELVAAPDPGMPALSALELDSLVTDTGDGARLTALFTFATGVLSADEVRDLAGTWCAALRGLHTLVTTGAGGLTPSDVAPVPVGQAELDAWQRRFG","gly",183,"BGC0000450","triostin A","NRP","Streptomyces triostinicus"
"gly","QTGRRPAVTRRGPDAP","gly",16,"BGC0000359","fuscachelin","NRP","Thermobifida fusca YX"
"leu","RPAWQVPANRVPSGCQRITPSMLSLLDLDQDSIDRVVATVPGGSAN","asp",46,"BGC0000398","orfamide","NRP","Pseudomonas sp. CMR12a"
"thr","GHEVSVPANLIAPDCPRITPDLLPLADLDQAAIDRVVATVPGGTAN","ile",46,"BGC0000398","orfamide","NRP","Pseudomonas sp. CMR12a"
"ile","SREVQVPANRIAADCQRITPDLLPLIELDQPAIDRIVAQVPGGVAN","leu",46,"BGC0000398","orfamide","NRP","Pseudomonas sp. CMR12a"
"leu","GSSREVSVPDNRIPSDCQHITPSLLSLVELDQQAIDRVLATVPGGAAN","ser",48,"BGC0000398","orfamide","NRP","Pseudomonas sp. CMR12a"
"leu","GRSQLPEIFPALQ","leu",13,"BGC0000398","orfamide","NRP","Pseudomonas sp. CMR12a"
"leu","AERSSLPDLLPAPR","ser",14,"BGC0000398","orfamide","NRP","Pseudomonas sp. CMR12a"
"ser","GREVQVPQNLIYRDCPRITPPLLPLIELDQAAIDRVVATVPGGTAN","ile",46,"BGC0000398","orfamide","NRP","Pseudomonas sp. CMR12a"
"gly","AAARGRVRRVAR","asp",12,"BGC0000379","laspartomycin","NRP","Streptomyces viridochromogenes"
"asp","TARRGVTAVDPR","gly",12,"BGC0000379","laspartomycin","NRP","Streptomyces viridochromogenes"
"gly","PVDLRSLHRCPTRHRPPVRRIFEASSVAQLATALDESTAGRTPLRAAAPR","asp",50,"BGC0000379","laspartomycin","NRP","Streptomyces viridochromogenes"
"asp","VANGPARPPLTAADPR","gly",16,"BGC0000379","laspartomycin","NRP","Streptomyces viridochromogenes"
"gly","TAGRGRVRRTAR","thr",12,"BGC0000379","laspartomycin","NRP","Streptomyces viridochromogenes"
"val","AGAARTALAPAEPR","pro",14,"BGC0000379","laspartomycin","NRP","Streptomyces viridochromogenes"
"ser","AGGEHPPLRPLPR","asn",13,"BGC0000461","WAP-8294A2 (lotilibcin)","NRP","Lysobacter enzymogenes"
"asn","EVDLARLGDGEHGLGHALRRVKQQLRAIPDRGLGYGVLRHLAGDAALGAAPAAQLAFNYLGRFAAAHGEEEQFGGGDDPRRPLGHAIALDAIVLDRADRAELIAAWSYAGELFEADDIQALGQAWFDCLQALIADSARSDAAGLIPSDLSLLKLDQDAISTLEAARPL","ser",168,"BGC0000461","WAP-8294A2 (lotilibcin)","NRP","Lysobacter enzymogenes"
"ser","PEQAPRLPLRPQAR","gly",14,"BGC0000461","WAP-8294A2 (lotilibcin)","NRP","Lysobacter enzymogenes"
"gly","PGAHSARPPLRPQARP","phe",16,"BGC0000461","WAP-8294A2 (lotilibcin)","NRP","Lysobacter enzymogenes"
"asn","HRQTASGLTTPAIAPTPRIT","pro",20,"BGC0001125","puwainaphycins","NRP / Polyketide","Cylindrospermum alatosporum CCALA 988"
"thr","EVSIAPISKTAPFSLIAAEERLKLPED","asn",27,"BGC0001125","puwainaphycins","NRP / Polyketide","Cylindrospermum alatosporum CCALA 988"
"thr","QPNIFPIPSSKPFSLISDTDQLKLPED","asn",27,"BGC0001125","puwainaphycins","NRP / Polyketide","Cylindrospermum alatosporum CCALA 988"
"asn","TFRQTASGLSTPALVPAKRE","ala",20,"BGC0001125","puwainaphycins","NRP / Polyketide","Cylindrospermum alatosporum CCALA 988"
"val","RTIRPQLRAMPR","thr",12,"BGC0000346","epoxomicin","NRP / Polyketide","Goodfellowiella coeruleoviolacea"
"thr","MVGDRAEPDDAED","thr",13,"BGC0000346","epoxomicin","NRP / Polyketide","Goodfellowiella coeruleoviolacea"
"thr","AGQQHPSAKAEPSPE","gly",15,"BGC0000346","epoxomicin","NRP / Polyketide","Goodfellowiella coeruleoviolacea"
"leu","EGNEAQTIAVPDNRVPAGCTQITPELLSLTDLDQSAIDRIVATVPGGAAN","leu",50,"BGC0000323","cichofactin","NRP","Pseudomonas cichorii"
"leu","GREITVPANLVPAGATRITPDMLSLSHLDQPTIDRIVETVPGGAAN","gln",46,"BGC0000323","cichofactin","NRP","Pseudomonas cichorii"
"val","GIERTEQAQILPASR","leu",15,"BGC0000323","cichofactin","NRP","Pseudomonas cichorii"
"leu","SHGVQVPANLITADCSRITPDLLPLVTLDQPAIDRIVASIPGGAAN","leu",46,"BGC0000323","cichofactin","NRP","Pseudomonas cichorii"
"leu","MVGEAARIPANRVAPQCQRITPDMLTLSVLTQTAIDRIVASVPGGAGN","asp",48,"BGC0000411","putisolvin","NRP","Pseudomonas putida"
"leu","IGREVTVPANRVPLHAERITPQMLSLVTLEQATLDDIVASVPGGAAN","leu",47,"BGC0000411","putisolvin","NRP","Pseudomonas putida"
"ser","ETGVSVPANRIPIDGTRITPDMLPLAELSQAAIDTLVGQIPGGVAN","val",46,"BGC0000411","putisolvin","NRP","Pseudomonas putida"
"val","GREVQVPANRVPQGARPITPDMLSLITLDQASIDRIVATVPGGAAN","leu",46,"BGC0000411","putisolvin","NRP","Pseudomonas putida"
"leu","GGQVQVPANLIPAGCQHITPGMLPLIALEQAAIERIVAQVPGGASN","ser",46,"BGC0000411","putisolvin","NRP","Pseudomonas putida"
"leu","AVRSELPAICPVPR","val",14,"BGC0000411","putisolvin","NRP","Pseudomonas putida"
"val","GNALPAIQPGPR","ser",12,"BGC0000411","putisolvin","NRP","Pseudomonas putida"
"hpg","GAVPAGPPVDRPLIALTAEEEVELAAAVPG","tyr",30,"BGC0000440","teicoplanin","NRP","Actinoplanes teichomyceticus"
"hpg","GVDLAAAAAGDAAAGELLKSVKDQVRAAPGDGFGFGLLRHLNPDTAERLAALPAPQIGFNYLGRSGVAAEAVPWQVRGGSLGAGEAGPDLVLAHPLEAGADVRDTPDGPLLRLTLDGRDLAPVTVELLGEAWLELLTGLATHAGDPRAGGHTPADFDLVEVTQRDVTALEAAAP","hpg",174,"BGC0000440","teicoplanin","NRP","Actinoplanes teichomyceticus"
"hpg","TGIDTAEVIAGGGAAGRLLKTVKENVRAVPDGGLGYGMLRHLNAETGRVLAAQPAAEIGFNYLGRFSEGPGGDVQPWQQLGTIGGTAEPDMPLRHAVEIDAAVLDAADGPRLELTVTWAGRLVGAAEAESLGRAWQDVLAGLAVHAGDVRAGGHTPSDFPLTALSGQEVAQIEAAVPD","bht",178,"BGC0000440","teicoplanin","NRP","Actinoplanes teichomyceticus"
"phe","DVPWAQVVAGEATLGAVVKDVKEQLRAVPDGLTYGLLRYLNSEVELGGTEPTIGFNYLGRLGAGAGELSEELWRIEQGSLALTDVVSAVPMPLAHTVELNAGTMDTDKGPSLQASWTWAPSVFDEDKAARLSQLWFEALAGICAHVQAGGGGLTPSDIAPARLTQREIDQLTTQFEV","thr",177,"BGC0000365","glycopeptidolipid","NRP","Mycobacterium smegmatis str. MC2 155"
"ala","NLPWEQVVAGDAALGGIVKAVKEQLRSLPEGLTYGLLRYLNPEVDLGGSDPTIGFNYLGRLGAGAGELSEELWRIDQDSLALSDAASAVPMPLMHTVELNAGTIDTDNGPSLRASWTWAPSAFDEEQATRLSRLWFEALAGICAHVRGGGGGLTPSDVAPARLTQRQIDELSQRYDV","ala",177,"BGC0000365","glycopeptidolipid","NRP","Mycobacterium smegmatis str. MC2 155"
"leu","RERDWREVAVPPNLIPAGATGLTPDQLPLVHLDEAQLARIVDSVAGGAAN","leu",50,"BGC0000385","lysobactin","NRP","Lysobacter sp. ATCC 53042"
"leu","HADALPALSAGPR","phe",13,"BGC0000385","lysobactin","NRP","Lysobacter sp. ATCC 53042"
"phe","EASTLPPIRTGQR","leu",13,"BGC0000385","lysobactin","NRP","Lysobacter sp. ATCC 53042"
"thr","LKQGGSLPPIAAGER","gly",15,"BGC0000385","lysobactin","NRP","Lysobacter sp. ATCC 53042"
"gly","SAQTALPALSAGQR","asn",14,"BGC0000385","lysobactin","NRP","Lysobacter sp. ATCC 53042"
"asn","GGAALPAIVAGVR","ser",13,"BGC0000385","lysobactin","NRP","Lysobacter sp. ATCC 53042"
"thr","GQGSALQAITAADR","tyr",14,"BGC0001363","ralsolamycin","NRP / Polyketide","Ralstonia solanacearum GMI1000"
"tyr","GQGSALPAITVADRS","ser",15,"BGC0001363","ralsolamycin","NRP / Polyketide","Ralstonia solanacearum GMI1000"
"val","GQGTALPAITVADR","ser",14,"BGC0001363","ralsolamycin","NRP / Polyketide","Ralstonia solanacearum GMI1000"
"ser","VADAVDIPANRIASGCTRITPSMLPLASLSQAAIDRMAAQVPGGAAN","gly",47,"BGC0001363","ralsolamycin","NRP / Polyketide","Ralstonia solanacearum GMI1000"
"gly","GQGTALPAITVADR","ala",14,"BGC0001363","ralsolamycin","NRP / Polyketide","Ralstonia solanacearum GMI1000"
"ala","GQGTALPAITVADR","ala",14,"BGC0001363","ralsolamycin","NRP / Polyketide","Ralstonia solanacearum GMI1000"
"asn","SAGAHARIPLAPA","tyr",13,"BGC0000335","cystomanamides","NRP","Cystobacter fuscus"
"ser","LDERDAGDTLAASAFTLTEEEREHVERLAPG","orn",31,"BGC0000423","scabichelin","NRP","Streptomyces scabiei 87.22"
"thr","HIPTLYESIPQATE","val",14,"BGC0001152","fusaricidin","NRP","Paenibacillus polymyxa"
"thr","QGGQEVSARIKRIKENLREVPHKGIGYGLLKYMAPEKSVGFGVEPEISFNYLGQFDQDLEGNALSLSTHSVGKALSDLTPQQYALDVNGMIAEGQLSLTITYSSRQYRNETVSHFAELLQSSLSEVIRHCVAQERSQLTPSDVLFQGLTLEQLDRLTAQTAHIGE","asn",165,"BGC0001152","fusaricidin","NRP","Paenibacillus polymyxa"
"asn","GELEIGARIKHVKEGLRRIPNKGVGYGILKYLSDGSDVSSFSAEPEITFNYLGQFDQDLAGGMMEVSPYSVGPEVSEQMVQHQALNINGLIAEGQLQLSVSYNRHQLDGESVTKFVGILKNRLSEVIGHCVSKERTELTPSDVLLKDISLEKIEEIEEQTRHIGS","ala",165,"BGC0001152","fusaricidin","NRP","Paenibacillus polymyxa"
"pro","EEAGTYLAIPQVT","phe",13,"BGC0000452","tyrocidine","NRP","Brevibacillus brevis NBRC 100599"
"phe","ENTSDALIQPAER","phe",13,"BGC0000452","tyrocidine","NRP","Brevibacillus brevis NBRC 100599"
"asn","GKSKYTAIQPVEVK","gln",14,"BGC0000452","tyrocidine","NRP","Brevibacillus brevis NBRC 100599"
"gln","AGKGKYTTIEPVQK","tyr",14,"BGC0000452","tyrocidine","NRP","Brevibacillus brevis NBRC 100599"
"tyr","GKDTHVPIHPAPW","val",13,"BGC0000452","tyrocidine","NRP","Brevibacillus brevis NBRC 100599"
"val","EMEQFETIQPVEHAD","orn",15,"BGC0000452","tyrocidine","NRP","Brevibacillus brevis NBRC 100599"
"orn","AKEYVISIKPAPAQ","leu",14,"BGC0000452","tyrocidine","NRP","Brevibacillus brevis NBRC 100599"
"tyr","LQQQNIELSAPPILRRVEN","gly",19,"BGC0000397","nostocyclopeptide","NRP","Nostoc sp. ATCC 53789"
"gly","LQQQDLELAAAPILRRAE","gln",18,"BGC0000397","nostocyclopeptide","NRP","Nostoc sp. ATCC 53789"
"ile","LQQQDLQLAAPPILRRAE","ser",18,"BGC0000397","nostocyclopeptide","NRP","Nostoc sp. ATCC 53789"
"ser","LQQQDLELAAPPILRRTN","pro",18,"BGC0000397","nostocyclopeptide","NRP","Nostoc sp. ATCC 53789"
"pro","LQQQDLELIAPPILKRAE","phe",18,"BGC0000397","nostocyclopeptide","NRP","Nostoc sp. ATCC 53789"
"thr","AGPGRLALTVRQRPP","val",15,"BGC0000296","actinomycin","NRP","Streptomyces anulatus"
"pro","LAGPARTALTKHQL","gly",14,"BGC0000296","actinomycin","NRP","Streptomyces anulatus"
"gly","AGPGRLALTVQER","val",13,"BGC0000296","actinomycin","NRP","Streptomyces anulatus"
"hpg","LEVTPDSAAPQVDAPLLDLTADESAELEALVP","trp",32,"BGC0000326","complestatin","NRP","Streptomyces lavendulae"
"hpg","DIDVADASAGGAAAGALLKAVKEQSRAVPGDGLGYGLLRHLNPDTASALAQLPAPQVGFNYLGRFPAPTTAAAAGPSAPGGSIAPDTPLLHTVEAAAVVRDTPKGPELTLTLNWAGNILDAEDAERLGGTWLALLTGLATHLTDPSAGGHTPSDFPLHALTRSDVEELETTVP","hpg",173,"BGC0000326","complestatin","NRP","Streptomyces lavendulae"
"hpg","AGVDLADALAGGPAAGALLKAVKEQARRLPGDGLGFELLRHLNPETAPALAELPVPQVGFNYLGRSTAPTGTGVEPWQATAGIGGSVDPATPVKHVIEAGAAVRDTPDGPELTLSLSWAGEVLDTTDAEALGRAWLAMLNGLAGHVADPGAGGHTPSDFPLLDLTQQEVAEIDAAVS","tyr",177,"BGC0000326","complestatin","NRP","Streptomyces lavendulae"
"ser","GKTRPALTPMTR","ser",12,"BGC0000300","amychelin","NRP","Streptomyces sp. AA4"
"ser","ASRAPLTTQHR","orn",11,"BGC0000300","amychelin","NRP","Streptomyces sp. AA4"
"hpg","SGNLLKTAKEQIRAVPGDGLGYGLLRYLNPETGARLAESPSAQIGFNYLGRTSLSAKDRAWQQAGEGPLGGGPDMILAHPVEVGAEVQDTPDGPRLGLAIDGRDVDPATVERLGEAWLATLNALADDRAAGGHTPSDFALVELAQQDVTELEAATP","hpg",156,"BGC0000419","ristomycin A","NRP / Saccharide","Amycolatopsis japonica"
"hpg","GADTPGQLLKQVKENVRAVPDGGLGFGMLRYLDDEAGKVLAALPSPEIGFNYLGRFSPRPDGDAEPWQLAGTIGGTAEGDLPLRHAVEIDAVVLDGDAGPEFTLTLTWAERLLTETDAESLGKAWLDSLTELATHAEAGAGGHTPSDFPLIELTQREVADVEALVP","bht",166,"BGC0000419","ristomycin A","NRP / Saccharide","Amycolatopsis japonica"
"hpg","GAVAADQQVTGPLIELTAEDEAELAAAVPDA","bht",31,"BGC0000419","ristomycin A","NRP / Saccharide","Amycolatopsis japonica"
"pro","VYVPEVSPGDILDVVRRVKDYRWATPNNGFDYFSTKYLTQSGIKLFEDHLPAEILFNYEGRYQAMESEQTVLKPESWHAGEASKDQDPGLRRFCLFEISTAVLPDGQLHLTCSWNKNMRHQGRIRLWLDTLLPAAIGEIVSSLALASPQLTLSDVELLRLYDYSSLDILKKSILSIPAVQTLDDL","ala",185,"BGC0000370","HC-toxin","NRP","Bipolaris zeicola"
"ala","GQSVSPSSSTLRTKVPISSLQKRSSGLQTAAPVSNGSPVRRCQKENIIDCPVAFEYEEGPSDTQLKEASRICGISSRS","ala",78,"BGC0000370","HC-toxin","NRP","Bipolaris zeicola"
"ala","SFVQEASVSPTTSPTIKFDLLDDCEVDEVIDHILPQLDMNKEL","aeo",43,"BGC0000370","HC-toxin","NRP","Bipolaris zeicola"
"cys","SLSNVRPPLLPQDR","val",14,"BGC0000415","quinomycin","NRP","Streptomyces griseovariabilis subsp. bandungensis"
"ser","GIDVDEAIAGGAAAGDALKRVKEQRRALPDQGIGYTLLRYLNDETAAVLRPYPADEIGFNFLGHFSFDSPEPAHGPGWTPAPECAELVAAPDPDMPALSALELNSLVTDTGDGARLTALFTFATGVLPADGVRALADTWCAALRGLHTLVTTGATGLTPSDVAPVHVGQAELDTWQRRFG","gly",180,"BGC0000415","quinomycin","NRP","Streptomyces griseovariabilis subsp. bandungensis"
